"id","__typename","_lastChangedAt","_version","category","categoryID","classification","conservation","createdAt","diet","enabled","family","habitat","identification","images","name","nativeNames","observation","order","scientificNames","updatedAt"
"2199b131-7a6d-479e-afcf-337cce06c745","EducationSpecieModel","1704432545876","6","Nativa","9eac7fdc-1a89-4d71-a9f0-dd8ac7fbbbc0","Ave","Preocupación Menor","2023-01-10T07:33:43.314Z","""Principalmente invertebrados y en menor medida semillas. ""","true","Rhinocryptidae","""Ave característica la Región del Maule hasta los fiordos patagónicos de la Región de Magallanes, gusta de selva y bosques de la zona sur de Chile, como Valdivia y Chiloé, incluyendo también islas oceánicas. Se mantiene generalmente cerca de los bosques y cercano a los riachuelos.""","""Largo de 18 cm aproximadamente. Cabeza de color gris apizarrada, con línea rojiza pardusca que cruza el ojo, el manto y el lomo son gris rojizo. La garganta y pecho superior rufo, el pecho es gris con líneas transversales finas blancas y negras. Su abdomen es de color gris y su cola es rufa con negro. Las alas son de color negro pizarra con tinte rojiza pardo por encima. El pico y patas son negros.  ""","[{""M"":{""creatorName"":{""S"":""WildTrip""},""creatorGUrl"":{""S"":""https://www.instagram.com/wildtrip_chile/?hl=es-la""},""creatorHashTag"":{""S"":""Degú González""},""creatorRol"":{""S"":""Fotógrafo de Naturaleza""},""key"":{""S"":""9eac7fdc-1a89-4d71-a9f0-dd8ac7fbbbc0/2199b131-7a6d-479e-afcf-337cce06c745/3c491d07-8387-45e3-bbc3-faa6e745f23d.webp""}}},{""M"":{""creatorName"":{""S"":""WildTrip""},""creatorGUrl"":{""S"":""https://www.instagram.com/wildtrip_chile/?hl=es-la""},""creatorHashTag"":{""S"":""Degú González""},""creatorRol"":{""S"":""Fotógrafo de Naturaleza""},""key"":{""S"":""9eac7fdc-1a89-4d71-a9f0-dd8ac7fbbbc0/2199b131-7a6d-479e-afcf-337cce06c745/c0d37f2a-b7aa-46da-9c4e-a2fa44ae522c.webp""}}}]","Chucao","Tricau o Chukaw","""Se desplaza dando saltos y vuelos cortos. Anida en el suelo, forrado de material blando, prefiere el terreno húmedo y fangoso, cava una cueva en el suelo, en algún barranco o ladera escarpada con mucha vegetación. Coloca de 2 a 3 huevos blancos, grandes con relación a su tamaño, dimensión de 28mm x 23 mm.""","Passeriformes","Scelorchilus Rubecula","2024-01-05T05:29:05.806Z"
"114777af-deb4-48b3-b0a0-f60c71f783b6","EducationSpecieModel","1676131576192","2","Endémica","b057e3a4-e955-4fc1-848e-1d492f8faef0","Insecto","Sin investigación suficiente","2023-02-11T16:01:29.462Z","'-","true","Formicidae","""Se encuentran desde la región de Antofagasta a la de Coquimbo. Realizan nidos en el suelo árido con un característico montículo irregular de tierra suelta alrededor de la entrada. ""","""Cuerpo segmentado en 3 partes bien definidas, cabeza, tórax y abdomen. Las dos primeras de un claro y distintivo color rojo, mientras que el abdomen abultado resalta por su color negro.""","[{""M"":{""creatorName"":{""S"":""Niboldus""},""creatorGUrl"":{""S"":""https://www.instagram.com/niboldus/?hl=es-la""},""creatorHashTag"":{""NULL"":true},""creatorRol"":{""S"":""Fotógrafo de Naturaleza""},""key"":{""S"":""b057e3a4-e955-4fc1-848e-1d492f8faef0/114777af-deb4-48b3-b0a0-f60c71f783b6/e39bf194-1537-48bd-ac1d-9e3c8c10f847.webp""}}}]","""Hormiga ""","'-","""Género de hormigas conocidas como “olorosas” por su distintivo aroma a queso azul. ""","""Hymenoptera ""","Dorymyrmex goetschi","2023-02-11T16:06:16.127Z"
"d2f24cfb-c485-451c-acda-096a7ea2d1bf","EducationSpecieModel","1692597384393","2","Mamífero","3a59b077-fccb-47c8-b2a0-8ec15d21594e","""Mamífero ""","""Preocupación menor ""","2023-08-21T05:53:21.273Z","""El Puma es un depredador tope que se alimenta de una amplia gama de presas, como ciervos, guanacos, conejos, roedores y ocasionalmente ganado doméstico. Es un cazador sigiloso que acecha a sus presas y las aborda con una emboscada rápida y poderosa.""","true","Felidae","""El Puma se encuentra distribuido desde el norte hasta el sur de Chile, ocupando una variedad de hábitats que incluyen bosques, montañas, selvas y áreas semiáridas. Es un animal adaptable que puede vivir desde el nivel del mar hasta altitudes considerables en los Andes.""","""El Puma, también conocido como león de montaña o cougar, es un felino de gran tamaño y musculatura. Posee un pelaje corto y denso, generalmente de color beige a marrón, con una coloración más clara en la zona ventral. Su cola es larga y con una punta negra. Su cabeza es redondeada, con orejas puntiagudas y ojos de color amarillo o dorado. Los Pumas tienen patas fuertes y garras retráctiles que utilizan para cazar y trepar.""","[{""M"":{""creatorName"":{""S"":""Ariel Herrera""},""creatorGUrl"":{""S"":""https://www.instagram.com/wildphoto_chile/""},""creatorHashTag"":{""NULL"":true},""creatorRol"":{""S"":""Fotógrafo de naturaleza""},""key"":{""S"":""3a59b077-fccb-47c8-b2a0-8ec15d21594e/d2f24cfb-c485-451c-acda-096a7ea2d1bf/1a005fb8-d8c3-44c9-a975-e5b2eca7d5b6.webp""}}},{""M"":{""creatorName"":{""S"":""Ariel Herrera""},""creatorGUrl"":{""S"":""https://www.instagram.com/wildphoto_chile/""},""creatorHashTag"":{""NULL"":true},""creatorRol"":{""S"":""Fotógrafo de naturaleza""},""key"":{""S"":""3a59b077-fccb-47c8-b2a0-8ec15d21594e/d2f24cfb-c485-451c-acda-096a7ea2d1bf/1af067f9-795c-4d15-ac5f-4f4b680e6486.webp""}}},{""M"":{""creatorName"":{""S"":""Ariel Herrera""},""creatorGUrl"":{""S"":""https://www.instagram.com/wildphoto_chile/""},""creatorHashTag"":{""NULL"":true},""creatorRol"":{""S"":""Fotógrafo de naturaleza""},""key"":{""S"":""3a59b077-fccb-47c8-b2a0-8ec15d21594e/d2f24cfb-c485-451c-acda-096a7ea2d1bf/5b8e4733-11b3-406d-9115-a5ac04f05332.webp""}}},{""M"":{""creatorName"":{""S"":""Ariel Herrera""},""creatorGUrl"":{""S"":""https://www.instagram.com/wildphoto_chile/""},""creatorHashTag"":{""NULL"":true},""creatorRol"":{""S"":""Fotógrafo de naturaleza""},""key"":{""S"":""3a59b077-fccb-47c8-b2a0-8ec15d21594e/d2f24cfb-c485-451c-acda-096a7ea2d1bf/63eb58b2-0512-4523-9208-81b932efa478.webp""}}},{""M"":{""creatorName"":{""S"":""Ariel Herrera""},""creatorGUrl"":{""S"":""https://www.instagram.com/wildphoto_chile/""},""creatorHashTag"":{""NULL"":true},""creatorRol"":{""S"":""Fotógrafo de naturaleza""},""key"":{""S"":""3a59b077-fccb-47c8-b2a0-8ec15d21594e/d2f24cfb-c485-451c-acda-096a7ea2d1bf/b5b6923d-dc20-4396-be0e-a85b44c6754d.webp""}}},{""M"":{""creatorName"":{""S"":""Ariel Herrera""},""creatorGUrl"":{""S"":""https://www.instagram.com/wildphoto_chile/""},""creatorHashTag"":{""NULL"":true},""creatorRol"":{""S"":""Fotógrafo de naturaleza""},""key"":{""S"":""3a59b077-fccb-47c8-b2a0-8ec15d21594e/d2f24cfb-c485-451c-acda-096a7ea2d1bf/ee3e4cbe-b63a-4843-989e-632e82dbcd76.webp""}}}]","Puma","'-","""Los usuarios de áreas naturales y profesionales de la vida silvestre pueden tener la oportunidad de avistar al Puma en su hábitat natural, aunque esto es relativamente raro debido a su naturaleza elusiva y hábitos nocturnos. El Puma es considerado un depredador esencial para mantener el equilibrio de los ecosistemas y controlar las poblaciones de herbívoros. Sin embargo, su relación con los humanos puede ser problemática en áreas donde interactúa con la ganadería, lo que ha llevado a conflictos por la depredación del ganado.\n\nEn resumen, el Puma (Puma concolor) es un majestuoso felino carnívoro que habita una amplia variedad de hábitats en Chile. Su papel como depredador clave y su presencia en los ecosistemas lo convierten en una especie fascinante y esencial para la salud de los ecosistemas.""","Carnívoro","Puma concolor","2023-08-21T05:56:24.335Z"
"bd8b25b6-c0a7-4aff-a3e0-05104e30987b","EducationSpecieModel","1673679255343","3","Nativa","9eac7fdc-1a89-4d71-a9f0-dd8ac7fbbbc0","Ave","""Preocupación Menor (UICN) ""","2023-01-14T06:30:45.228Z","""insectos y frutos. ""","true","Furnariidae","Presente desde la región de Coquimbo hasta Tierra del Fuego. Gusta de zonas boscosas por lo habita bosques templados del sur. Se encuentra entre los 0 a 1.200 m.s.n.m.","""Mide entre 13 y 15 cm aproximadamente. Luce en su plumaje un tono café-amarillo y una lista superciliar acanelada desde el pico hasta la nuca. Las largas plumas de su cola tienen un extremo sin barbas, dando la impresión de una cola espinosa.""","[{""M"":{""creatorName"":{""S"":""Degú González""},""creatorGUrl"":{""S"":""https://www.instagram.com/wildtrip_chile/?hl=es-la""},""creatorHashTag"":{""NULL"":true},""creatorRol"":{""S"":""Fotógrafo de Naturaleza""},""key"":{""S"":""9eac7fdc-1a89-4d71-a9f0-dd8ac7fbbbc0/bd8b25b6-c0a7-4aff-a3e0-05104e30987b/e48b802c-b20f-4bcd-9520-84281cffa46c.webp""}}}]","Rayadito","Pidpidwirin o yiqui-yiqui","""En época invernal forma numerosas bandas junto a otras especies, entre ellas está el Cachudito y Carpinterito. Durante la época de reproducción de agosto hasta diciembre, puede ser avistado en pareja. Es un nidificador secundario, no es capaz de excavar sus propios nidos. Aprovecha la presencia de cavidades generadas por la descomposición natural de los árboles o aquellas excavadas por otras aves. La hembra pone de 2 a 3 huevos.""","Passeriformes","Aphrastura spinicauda","2023-01-14T06:54:15.293Z"
"ab014be5-6ab0-4469-ae9a-7b47d5cde25a","EducationSpecieModel","1673336829080","2","Nativa","3a59b077-fccb-47c8-b2a0-8ec15d21594e","Mamífero","Preocupación Menor","2023-01-10T07:44:53.609Z","""Se basa en pequeños mamíferos como degú (roedor) y conejo, también incluye vegetales y semillas siendo un importante dispersor de plantas nativas, también consume huevos, aves y frutos.""","true","Canidae","""Se distribuye en las regiones altas a lo largo de la cordillera de los Andes, desde la provincia de Nariño en Colombia por el norte hasta Tierra del Fuego, Chile. ""","""Es uno de los segundos cánidos más grandes de Sudamérica con un largo de 100 cm y 120 cm entre su cabeza y tronco, tiene una cola de 40 cm aproximadamente. Pesa entre 7 a 12 kg. Presenta un pelaje rojizo en la cabeza y orejas, siendo pardo amarillento en el resto del cuerpo. Tiene un característico hocico puntiagudo y alargado, con la mandíbula blanca. Las patas son rojizas con los pies más blanquecinos. La hembra es 1.5 veces más liviana y chica que el macho.""","[{""M"":{""creatorName"":{""S"":""Ariel Herrera""},""creatorGUrl"":{""S"":""https://www.instagram.com/wildphoto_chile/?hl=es-la""},""creatorHashTag"":{""S"":""wildphoto_chile""},""creatorRol"":{""S"":""Fotógrafo de Naturaleza""},""key"":{""S"":""3a59b077-fccb-47c8-b2a0-8ec15d21594e/ab014be5-6ab0-4469-ae9a-7b47d5cde25a/b8f6eebd-be8d-417e-bfaf-7a2611032025.webp""}}},{""M"":{""creatorName"":{""S"":""Ariel Herrera""},""creatorGUrl"":{""S"":""https://www.instagram.com/wildphoto_chile/?hl=es-la""},""creatorHashTag"":{""S"":""wildphoto_chile""},""creatorRol"":{""S"":""Fotógrafo de Naturaleza""},""key"":{""S"":""3a59b077-fccb-47c8-b2a0-8ec15d21594e/ab014be5-6ab0-4469-ae9a-7b47d5cde25a/d3098398-58df-41eb-b679-cb94d4ac3a61.webp""}}},{""M"":{""creatorName"":{""S"":""Ariel Herrera""},""creatorGUrl"":{""S"":""https://www.instagram.com/wildphoto_chile/?hl=es-la""},""creatorHashTag"":{""S"":""wildphoto_chile""},""creatorRol"":{""S"":""Fotógrafo de Naturaleza""},""key"":{""S"":""3a59b077-fccb-47c8-b2a0-8ec15d21594e/ab014be5-6ab0-4469-ae9a-7b47d5cde25a/ed0965cc-5107-47b6-9b55-0b6108930135.webp""}}}]","Zorro Culpeo","'-","""Se reconocen seis subespecies. Captura a sus presas principalmente de noche. Es un cazador solitario y oportunista con su propio territorio de caza, donde obtienen alimento y se reproducen. Es solitario, comparte territorio con su pareja y cachorros en el periodo de crianza. Las hembras tienen ovulación espontánea, son monoéstricas, cuentan con un periodo de gestación de 65 días. Número de crías entre 3 y 5. Alcanzan la madurez sexual al año.""","Carnivora","Lycalopex culpaeus","2023-01-10T07:47:09.042Z"
"17af5f81-6da2-441e-91e0-b98e75ccac76","EducationSpecieModel","1705109892466","2","Nativo","b057e3a4-e955-4fc1-848e-1d492f8faef0","Insecto","Desconocemos el estado de conservación de esta especie.","2024-01-13T01:35:22.786Z","""Las larvas son xilófagas, cambiando a una alimentación fitófaga al llegar al estado adulto.""","true","Curculionidae","Desde la región de O´higgins hasta la región de la Araucanía","Mide entre 15-25 mm","[{""M"":{""creatorName"":{""S"":""Eduardo Muñoz""},""creatorGUrl"":{""S"":""https://www.instagram.com/eduardomunoz.fotografia/""},""creatorHashTag"":{""NULL"":true},""creatorRol"":{""S"":""Fotógrafo de Naturaleza""},""key"":{""S"":""b057e3a4-e955-4fc1-848e-1d492f8faef0/17af5f81-6da2-441e-91e0-b98e75ccac76/72930808-703c-4dde-9388-395453cb08d0.webp""}}},{""M"":{""creatorName"":{""S"":""Eduardo Muñoz""},""creatorGUrl"":{""S"":""https://www.instagram.com/eduardomunoz.fotografia/""},""creatorHashTag"":{""NULL"":true},""creatorRol"":{""S"":""Fotógrafo de Naturaleza""},""key"":{""S"":""b057e3a4-e955-4fc1-848e-1d492f8faef0/17af5f81-6da2-441e-91e0-b98e75ccac76/776adb09-12cb-4b20-a5fb-bfe6cdc5a5cc.webp""}}}]","""Burrito, Cabrito""","","""Sin datos suficientes. ""","Coleoptera","Aegorhinus albolineatus","2024-01-13T01:38:12.409Z"
"fc458cad-219b-4b01-9804-1701f787933a","EducationSpecieModel","1676130301610","5","""Endémico ""","e8bcd921-ebce-460b-88e3-e780abe6b1a1","Molusco","""no existe información oficial y clara, producto del deterioro de su hábitat, se presume que se encuentra en peligro.""","2023-01-25T05:01:06.322Z","""Hongos y materia orgánica de los bosques, lo que lo convierte en un controlador de diversas especies, su presencia indica el buen estado de salud de un área natural.""","true","Acavidae","""Es endémico de Chile, se encuentra desde la región del Maule hasta la Región de los Lagos , en bosques centrales y en el sur de Chile. Es una especie asociada a bosques originarios de cordillera o costa. Gusta de lugares sombríos y húmedos, su presencia se asocia a la del musgo. Se encuentra en los bosques nativos de la Cordillera de los Andes hasta los 1500 m.s.n.m.""","""Molusco que cuenta con una gran concha de 4 a 6 cm de alto aproximadamente y mide 10 cm de largo. Su concha tiene una forma deprimida y de color café, su cuerpo es completamente de color negro.""","[{""M"":{""creatorName"":{""S"":""Degú González ""},""creatorGUrl"":{""S"":""https://www.instagram.com/wildtrip_chile/?hl=es-la""},""creatorHashTag"":{""NULL"":true},""creatorRol"":{""S"":""Fotógrafo de Naturaleza""},""key"":{""S"":""e8bcd921-ebce-460b-88e3-e780abe6b1a1/fc458cad-219b-4b01-9804-1701f787933a/e2e9ace6-7766-4968-bb31-5a7270abd723.webp""}}}]","Caracol Negro","",""" Se estima que esta especie se encuentra en peligro de extinción, producto de la destrucción de su hábitat. Los bosques húmedos han sido reemplazados rápidamente por monocultivos tales como el eucalipto y pino para suplir la demanda humana de madera. ""","Macrocyclis","Macrocyclis Peruvianus","2023-02-11T15:45:01.548Z"
"7918b75f-50a1-474a-ac18-62cc233293d2","EducationSpecieModel","1676235243779","2","Nativa","4f287a2b-61ae-4153-b4e2-7f7ccdb77b89","Reptil","Preocupación Menor (IUCN)","2023-02-12T20:45:16.522Z","""Es principalmente insectívora, consume variados tipos de artrópodos (DonosoBarros 1966). En sectores costeros también consume algas (Demangel 2016).""","true","Liolaemidae","""Se encuentra desde la Región de Coquimbo hasta la de Los Lagos, típicamente entre arbustos y árboles caídos del bosque hasta los 1200m.s.n.m. ""","""Lagartija grande (30cm) y robusta. Cabeza corta, cuello bien definido con escamas laterales pequeñas y sin pliegues cervicales. Escamas dorsales grandes, triangulares lanceoladas con puntas largas y dispuestas como tejas. \n\nLa cola es del doble del tamaño del cuerpo. Garganta amarilla, vientre blanco amarillento con destellos tornasol. Presenta dimorfismo sexual. Hembra verde olivácea. Macho café verdoso. Juvenil café oliváceo. Adultos presentan como diseño dorsal una banda lineal occipital de manchas oscuras. ""","[{""M"":{""creatorName"":{""S"":""Marisol Paz""},""creatorGUrl"":{""S"":""https://www.instagram.com/mar_y_solpaz/?hl=es-la""},""creatorHashTag"":{""NULL"":true},""creatorRol"":{""S"":""Fotógrafa de Naturaleza""},""key"":{""S"":""4f287a2b-61ae-4153-b4e2-7f7ccdb77b89/7918b75f-50a1-474a-ac18-62cc233293d2/3b11a80e-8970-4739-b2c2-52843b0483ee.webp""}}},{""M"":{""creatorName"":{""S"":""Marisol Paz""},""creatorGUrl"":{""S"":""https://www.instagram.com/mar_y_solpaz/?hl=es-la""},""creatorHashTag"":{""NULL"":true},""creatorRol"":{""S"":""Fotógrafa de Naturaleza""},""key"":{""S"":""4f287a2b-61ae-4153-b4e2-7f7ccdb77b89/7918b75f-50a1-474a-ac18-62cc233293d2/e663ffed-a8ab-4c22-989d-22517d4026a2.webp""}}}]","Lagartija valdiviana","'-","Las manchas en su dorso y la forma de las escamas laterales de su cuello son aspectos diferenciadores de otras especies.","Squamata","Liolaemus cyanogaster","2023-02-12T20:54:03.736Z"
"412305f8-d35f-4676-84d5-45801cad4f24","EducationSpecieModel","1673347912829","2","Nativa","b5b074a9-c022-4b77-8433-adf2323af9b6","Flora","Información insuficiente","2023-01-10T10:47:19.506Z","'-","true","Alstroemeriaceae","""Se encuentra desde región del Maule hasta la de Aysén, en amplia diversidad de ambientes, incluso intervenidos; con luminosidad desde mixta a expuesta. Por lo general se encuentra de forma natural en sotobosque de Nothofagus. Su floración es desde fines de primavera a principios de verano.""","""Hierba de hasta 120 cm de alto, perenne con rizomas alargados y cilíndricos. Hojas pecioladas, delgadas. Genera 2-8 flores grandes (5 cm) de tipo trimera (con tres pétalos externos y 3 internos) con dos pares de estambres. Su coloración es amarilla, amarillo-anaranjadas a rojo-anaranjado intenso y duran 8 a 10 días.""","[{""M"":{""creatorName"":{""S"":""Manuel Badilla""},""creatorGUrl"":{""S"":""https://www.instagram.com/manubadisi/?hl=es-la""},""creatorHashTag"":{""S"":""manubadisi""},""creatorRol"":{""S"":""Fotógrafo y Biólogo ""},""key"":{""S"":""b5b074a9-c022-4b77-8433-adf2323af9b6/412305f8-d35f-4676-84d5-45801cad4f24/7f3f1497-afdb-4636-a655-35565e9166c8.webp""}}}]","""Liuto, Amancay, Lirio de los Incas""","Amancay","Florece entre Diciembre a Marzo y su principal polinizador es el abejorro chileno (Bombus dahlbomii). Existe también por introducción en P.N. Torres del Paine.","Asparagales","Alstroemeria aurea","2023-01-10T10:51:52.785Z"
"0b5b76f2-da02-4312-8855-d1d37a9a39dd","EducationSpecieModel","1673340016143","2","Endémica","4f287a2b-61ae-4153-b4e2-7f7ccdb77b89","Reptil","Preocupación Menor (IUCN)","2023-01-10T08:31:55.047Z","""Se basa en todo tipo de insectos y larvas, siendo una especie benéfica y controladora.""","true","Liolaemidae","""Desde la Región de Coquimbo hasta Puerto Montt entre los 25 y 1800 m.s.n.m. Tiene hábitos diurnos. Vive en bosques, arbustos y vegetación, se posa sobre grandes rocas para disfrutar del sol. Se puede apreciar en lugares urbanizados ocupando cercos o muros.""","""Es una pequeña y llamativa lagartija, los machos miden entre 14 cm aproximadamente, las hembras 12 cm aproximadamente. Presentan dimorfismo sexual por lo que las hembras son de color gris con puntos verdosos y azules distribuidos por su cuerpo, mentón y cuello de color amarillo tenue. Los machos son de color llamativo, amarillo verdoso hasta la mitad de su torso y azul hasta el final de su cola.""","[{""M"":{""creatorName"":{""S"":""Matias Bryan""},""creatorGUrl"":{""S"":""https://www.instagram.com/mb_wildlifer/?hl=es-la""},""creatorHashTag"":{""S"":""mb_wildlifer""},""creatorRol"":{""S"":""Fotógrafo de Naturaleza""},""key"":{""S"":""4f287a2b-61ae-4153-b4e2-7f7ccdb77b89/0b5b76f2-da02-4312-8855-d1d37a9a39dd/6b0f0a20-c740-4206-880d-67f6b8b55f54.webp""}}}]","Lagartija Esbelta o Tenue","'-","""Se reproducen por huevos, la hembra los deposita en lugares cálidos y protegidos, pudiendo hacer hoyos en la arena para depositarlos, no cuentan con el cuidado de sus progenitores al nacer. Colocan de 1 a 5 huevos, varias veces al año. Las fecas del macho presentan feromonas de autorreconocimiento, es muy territorial y forma harenes.\n""","Escamata","Liolaemus tenuis","2023-01-10T08:40:16.122Z"
"96f08912-c0c4-41ab-b360-b86e016a59c1","EducationSpecieModel","1676256321017","7","Nativa","3a59b077-fccb-47c8-b2a0-8ec15d21594e","""Mamífero ""","Vulnerable (zona norte) y Preocupación Menor (zona austral)","2023-02-12T22:22:04.612Z","""Su alimentación es variada e incluye hongos, líquenes, helechos, hierbas, hojas, arbustos, árboles y cactáceas (Raedeke & Simonetti 1988, González et al. 2000, Cortés et al. 2003, Muñoz 2008)""","true","Camelidae","""Ambientes áridos a semiáridos desde Perú (3500) a Tierra del Fuego, pequeña población en Bolivia y Paraguay (300 en total). En Argentina se encuentra la población principal (520.000), aunque en Chile (66.000) se considera la población ancestral, remanente en grupos aisladas a lo largo del territorio.  \n\nNorte entre Tarapacá y Antofagasta; pequeñas poblaciones aisladas en centrosur; Aysén y Magallanes la población más importante. ""","""Mayor de los mamíferos terrestres en Chile, puede medir entre 1,2 y 2m de alto y pesar hasta 150kg. Cuerpo cubierto por un doble pelaje bastante largo, grueso y liviano, ya que es pelo hueco. Coloración superior café rojizo, cara gris, costados, panza y cuello blancos grisáceos.\n\nSu cuello y piernas son largas, teniendo gran agilidad a la hora de correr cuando se enfrenta a su principal cazador natural, el puma. ""","[{""M"":{""creatorName"":{""S"":""Ariel Herrera""},""creatorGUrl"":{""S"":""https://www.instagram.com/wildphoto_chile/?hl=es-la""},""creatorHashTag"":{""S"":""Fotógrafo de Naturaleza""},""creatorRol"":{""NULL"":true},""key"":{""S"":""3a59b077-fccb-47c8-b2a0-8ec15d21594e/96f08912-c0c4-41ab-b360-b86e016a59c1/c825392a-e697-434a-8507-e29f075b4822.webp""}}},{""M"":{""creatorName"":{""S"":""Ariel Herrera""},""creatorGUrl"":{""S"":""https://www.instagram.com/wildphoto_chile/?hl=es-la""},""creatorHashTag"":{""NULL"":true},""creatorRol"":{""S"":""Fotógrafo de Naturaleza""},""key"":{""S"":""3a59b077-fccb-47c8-b2a0-8ec15d21594e/96f08912-c0c4-41ab-b360-b86e016a59c1/46bfd976-dda4-45b4-874a-355092e28d4b.webp""}}},{""M"":{""creatorName"":{""S"":""Ariel Herrera""},""creatorGUrl"":{""S"":""https://www.instagram.com/wildphoto_chile/?hl=es-la""},""creatorHashTag"":{""NULL"":true},""creatorRol"":{""S"":""Fotógrafo de Naturaleza""},""key"":{""S"":""3a59b077-fccb-47c8-b2a0-8ec15d21594e/96f08912-c0c4-41ab-b360-b86e016a59c1/2afd04e3-fa1a-42b9-a745-3b1219923007.webp""}}}]","Guanaco","""En Mapudúngun Loan, en Quechua Wanaku""","""1 de las 4 especies de camélidos nativos de Sudamérica. Uno de los pocos mamíferos que puede beber agua salada. Vive en grupos sociales de tres tipos, machos jóvenes no reproductivos solteros; 1 macho adulto con una manada de hembras y progenie; y machos  solitarios que son usualmente viejos. ""","Artiodactyla","Lama guanicoe","2023-02-13T02:45:20.962Z"
"927f26bf-27b8-4aa8-b577-2ccd47d5870c","EducationSpecieModel","1673647820189","4","Nativa","22ce7a7f-eb4b-46ba-87df-c8e554f56924","""Arácnido ""","Falta información","2023-01-10T08:16:37.828Z","""Se alimenta principalmente de artrópodos por medio de cacería, no usa redes de atrape. Sin embargo, también come arañas, incluidas su propia especie.""","true","Lycosidae","""Brasil, Paraguay, Uruguay, Argentina y Chile. Prefiere tierras secas con pastizal, donde acecha sus presas. Es común en jardines entre plantas.\n""","""Alcanza los 30mm de largo. Sus 8 ojos dispuestos en 3 filas, siendo los 2 de la fila central los de fácil avistamiento por su gran tamaño. Color superior castaño oscuro, con una banda longitudinal más clara que separa el cefalotórax. Vientre negro. Quelíceros rojizos la diferencian de L. poliostoma. Primer y tercer par de patas más cortos, mientras que el cuarto par es el más largo; todas las patas largas y espinosas con 3 uñas.""","[{""M"":{""creatorName"":{""S"":""mb_wildlifer""},""creatorGUrl"":{""S"":""https://www.instagram.com/mb_wildlifer/?hl=es-la""},""creatorHashTag"":{""NULL"":true},""creatorRol"":{""S"":""Fotógrafo de Naturaleza""},""key"":{""S"":""22ce7a7f-eb4b-46ba-87df-c8e554f56924/927f26bf-27b8-4aa8-b577-2ccd47d5870c/07e6dac7-9840-4277-a537-a26da7b64e57.webp""}}}]","Araña Lobo","'-","""Venenosa de peligro relativo para el humano. Mayor actividad nocturna. ""","Araneae","Lycosa erythrognatha","2023-01-13T22:10:20.131Z"
"dce62ee1-d1c9-4927-ac08-095ee34c452c","EducationSpecieModel","1673649756055","4","Nativa","9eac7fdc-1a89-4d71-a9f0-dd8ac7fbbbc0","Ave","""Preocupación Menor (UICN) ""","2023-01-13T22:18:41.982Z","""Es carroñero, siendo un cazador oportunista de animales jóvenes o heridos. ""","true","Falconidae","""Se encuentra entre la región de Arica y Parinacota hasta la región de Magallanes, desde Arica a Tierra del Fuego. Gusta de áreas boscosas y matorrales. No asciende a la alta cordillera. Por lo que vive al borde de los bosques y en campo abierto.""","""Ave rapaz de gran tamaño, tiene una altura de 55 a 60 cm. Presenta una corona negra con plumas traseras de aspecto levantado, sus mejillas, cuello y garganta tienen una tonalidad crema. Su dorso, pecho y abdomen son pardo negruzco.""","[{""M"":{""creatorName"":{""S"":""Ariel Herrera ""},""creatorGUrl"":{""S"":""https://www.instagram.com/wildphoto_chile/?hl=es-la""},""creatorHashTag"":{""NULL"":true},""creatorRol"":{""S"":""Fotógrafo de Naturaleza""},""key"":{""S"":""9eac7fdc-1a89-4d71-a9f0-dd8ac7fbbbc0/dce62ee1-d1c9-4927-ac08-095ee34c452c/c5c5b5a6-b6a7-4305-8768-0e5318e33c7f.webp""}}},{""M"":{""creatorName"":{""S"":""Degú González""},""creatorGUrl"":{""S"":""https://www.instagram.com/wildtrip_chile/?hl=es-la""},""creatorHashTag"":{""NULL"":true},""creatorRol"":{""S"":""Fotógrafo de Naturaleza""},""key"":{""S"":""9eac7fdc-1a89-4d71-a9f0-dd8ac7fbbbc0/dce62ee1-d1c9-4927-ac08-095ee34c452c/31e535f2-9342-42d4-bd3c-df058b1d785b.webp""}}}]","Traro o Carancho","Ketéla","""Es una ave solitaria, pero confiada. Durante su etapa reproductiva es altamente bulliciosa emite un grito ronco y fuerte parecido al ladrido de un perro. Construye sus nidos en árboles y matorrales, utiliza ramas, pasto y pelos lo que le entrega un aspecto voluminoso. \nEs pariente directo de los Halcones y cernícalos. Y tiene un importante lugar en la historia de los pueblos indígenas de Chile. ""","Falconiformes","Caracara Plancus","2023-01-13T22:42:36.007Z"
"fccee36a-f528-4c3d-9135-e9166a21fed8","EducationSpecieModel","1674625516881","2","Nativa","4f287a2b-61ae-4153-b4e2-7f7ccdb77b89","""Reptil ""","Vulnerable (IUCN)","2023-01-25T05:41:58.805Z","'-","true","Liolaemidae","""Avistamientos únicos en Laguna de La Laja, Región del Bio-Bio. Construye cavernas bajo grandes rocas (2m de alto) sobre las que se asolea.  ""","""Lagarto de hasta 10cm medidos hasta la cloaca. Características distintivas son el que los machos presentan pigmentación negra sobre el hombro. Además, presentan dicromatismo sexual, macho verde encendido con costados de cabeza y garganta negros intensos; hembra grisácea verdoso opaco con cabeza.""","[{""M"":{""creatorName"":{""S"":""mb_wildlifer""},""creatorGUrl"":{""S"":""https://www.instagram.com/mb_wildlifer/?hl=es-la""},""creatorHashTag"":{""NULL"":true},""creatorRol"":{""S"":""Fotógrafo de Naturaleza""},""key"":{""S"":""4f287a2b-61ae-4153-b4e2-7f7ccdb77b89/fccee36a-f528-4c3d-9135-e9166a21fed8/1309bcc0-f795-4583-b693-41006107ab5e.webp""}}},{""M"":{""creatorName"":{""S"":""mb_wildlifer""},""creatorGUrl"":{""S"":""https://www.instagram.com/mb_wildlifer/?hl=es-la""},""creatorHashTag"":{""NULL"":true},""creatorRol"":{""S"":""Fotógrafo de Naturaleza""},""key"":{""S"":""4f287a2b-61ae-4153-b4e2-7f7ccdb77b89/fccee36a-f528-4c3d-9135-e9166a21fed8/76e7b85a-9ab5-4f96-9159-23ef73d1f982.webp""}}},{""M"":{""creatorName"":{""S"":""mb_wildlifer""},""creatorGUrl"":{""S"":""https://www.instagram.com/mb_wildlifer/?hl=es-la""},""creatorHashTag"":{""NULL"":true},""creatorRol"":{""S"":""Fotógrafo de Naturaleza""},""key"":{""S"":""4f287a2b-61ae-4153-b4e2-7f7ccdb77b89/fccee36a-f528-4c3d-9135-e9166a21fed8/d8f88aa2-6abd-4499-af41-a0cbb1ca6b01.webp""}}}]","""Matuasto Chillon, matuasto del laja""","'-","""Existe la duda, por falta de metodología adecuada en su estudio, si esta especie sería sinónima senior de P. dorsimaculatus. De ser esto cierto, P. vociferator dejaría de ser considerada como especie endémica. Recibe su nombre por los diferentes chillidos que emite en estado de alerta a peligro, única especie en Chile en la que se han registrado emisión de sonidos. ""","Squamata","Phymaturus vociferator","2023-01-25T05:45:16.812Z"
"82d5cb5c-8af4-449b-865e-9dddf1310873","EducationSpecieModel","1673494149059","4","Nativa","9eac7fdc-1a89-4d71-a9f0-dd8ac7fbbbc0","Ave","Preocupación Menor","2023-01-12T03:18:07.543Z","""Dieta: Roedores, reptiles, insectos y aves que pueden ser más grandes que él.""","true","Strigidae","Vive entre las regiones de Atacama y Magallanes. Se le puede encontrar en grupos pequeños o solitario desde la costa hasta los 2m.s.n.m.\n","""Con 17-21cm y 60-100g, es el búho más pequeño de Chile, sin embargo, sus potentes garras y vista le permiten una alta eficacia en sus cacerías nocturnas. Su vientre es blanquecino con manchas estriadas café. Posee dos parches con forma de cejas sobre los ojos. Se pueden reconocer tres morfos o variedades de colores: pardo, gris y rojizo.""","[{""M"":{""creatorName"":{""S"":""Manuel Badilla""},""creatorGUrl"":{""S"":""https://www.instagram.com/manubadisi/?hl=es-la""},""creatorHashTag"":{""S"":""manubadisi""},""creatorRol"":{""S"":""Fotógrafo y Biólogo ""},""key"":{""S"":""9eac7fdc-1a89-4d71-a9f0-dd8ac7fbbbc0/82d5cb5c-8af4-449b-865e-9dddf1310873/2ee7b2e0-63e4-453c-9853-db581a6a3d01.webp""}}},{""M"":{""creatorName"":{""S"":""Nicolás Villaseca""},""creatorGUrl"":{""S"":""https://www.instagram.com/niboldus/?hl=es-la""},""creatorHashTag"":{""S"":""niboldus""},""creatorRol"":{""S"":""Fotógrafo de Naturaleza""},""key"":{""S"":""9eac7fdc-1a89-4d71-a9f0-dd8ac7fbbbc0/82d5cb5c-8af4-449b-865e-9dddf1310873/fc7a2abd-e2f0-46cd-8e75-f6cda097f9af.webp""}}}]","Chuncho","Choñchoñ","""Sus nidos los arma en oquedades de troncos y pone hasta 5 huevos de color claro. Pasa gran parte del tiempo posado en ramas a media altura y cercos, a la espera de sus presas. Por su dieta es un eficiente controlador de plagas.""","Strigiforme","""Glaucidium nana ""","2023-01-12T03:29:09.001Z"
"5c9b4f62-7db9-4992-b3b4-b97fe7642bad","EducationSpecieModel","1674620962655","4","Nativa de América","9eac7fdc-1a89-4d71-a9f0-dd8ac7fbbbc0","Ave","""Preocupación Menor (UICN) ""","2023-01-23T06:03:12.751Z","Semillas y gusanos.","true","Emberizidae","""Desde la Región de Arica hasta Cabo de hornos desde el nivel del mar hasta los 2.200 m.s.n.m. Es una de las aves más conocidas, típica de jardines, plazas, matorrales, lugares con árboles y hasta laderas montañosas. Se adapta fácilmente a la ciudad.""","""Mide entre 14 a 16 cm. Presenta dimorfismo sexual el macho luce una corona de plumas eréctil, ausente en la hembra. Su cabeza es gris con 3 líneas negras a cada lado, parten desde del pico hasta la nuca. Garganta blanquecina, gran mancha rufa que rodea el cuello, pero está dividida entre la garganta y pecho. Su pecho es café, el abdomen blanquecino. Manto y lomo pardo con líneas negras, cola de color pardo. Patas y pico córneo.""","[{""M"":{""creatorName"":{""S"":""Chile Birds""},""creatorGUrl"":{""S"":""https://www.instagram.com/chilebirds/?hl=es-la""},""creatorHashTag"":{""S"":""@chilebirds""},""creatorRol"":{""S"":""Fotógrafos de Aves""},""key"":{""S"":""9eac7fdc-1a89-4d71-a9f0-dd8ac7fbbbc0/5c9b4f62-7db9-4992-b3b4-b97fe7642bad/cb5cca22-eb3f-4319-9132-4882f0ce8e4c.webp""}}},{""M"":{""creatorName"":{""S"":""Ariel Herrera""},""creatorGUrl"":{""S"":""https://www.instagram.com/wildphoto_chile/?hl=es-la""},""creatorHashTag"":{""NULL"":true},""creatorRol"":{""S"":""Fotógrafo de Naturaleza""},""key"":{""S"":""9eac7fdc-1a89-4d71-a9f0-dd8ac7fbbbc0/5c9b4f62-7db9-4992-b3b4-b97fe7642bad/bd9f4d86-5498-4a1f-baaf-08440ca01573.webp""}}},{""M"":{""creatorName"":{""S"":""Degú González""},""creatorGUrl"":{""S"":""https://www.instagram.com/wildtrip_chile/?hl=es-la""},""creatorHashTag"":{""NULL"":true},""creatorRol"":{""S"":""Fotógrafo de Naturaleza""},""key"":{""S"":""9eac7fdc-1a89-4d71-a9f0-dd8ac7fbbbc0/5c9b4f62-7db9-4992-b3b4-b97fe7642bad/27571ee6-3728-497e-8f7b-e54beb3ee718.webp""}}},{""M"":{""creatorName"":{""S"":""Degú González""},""creatorGUrl"":{""S"":""https://www.instagram.com/wildtrip_chile/?hl=es-la""},""creatorHashTag"":{""NULL"":true},""creatorRol"":{""S"":""Fotógrafo de Naturaleza""},""key"":{""S"":""9eac7fdc-1a89-4d71-a9f0-dd8ac7fbbbc0/5c9b4f62-7db9-4992-b3b4-b97fe7642bad/938707ce-bdb6-4c32-9c19-dee8cdb10f1e.webp""}}}]","Chincol","'-","""Su temporada de nidificación comienza en septiembre, construye su nido en árboles, arbustos o la vegetación del suelo. La hembra pone de 3 o 4 huevos. Tiene hasta tres nidadas en una temporada. Puede suceder que el nido sea parasitado por el Mirlo, un ave negra similar a la Loica, por lo que no es raro ver a un chincol alimentando a un polluelo mucho más grande que él. ""","Passeriformes","Zonotrichia capensis","2023-01-25T04:29:22.612Z"
"1d620c28-043c-4304-b0f1-78ad5e8f61c5","EducationSpecieModel","1674451092029","3","'-","9eac7fdc-1a89-4d71-a9f0-dd8ac7fbbbc0","Ave","""Preocupación Menor (UICN) ""","2023-01-23T05:02:30.670Z","""Principalmente peces pequeños, camarones, gusanos, caracoles, cangrejos e insectos acuático""","true","Ardeidae","""Desde la región de Arica hasta la región de los lagos, se puede encontrar desde Arica hasta Puerto Montt. Gusta de orillas y partes bajas de ríos, lagunas, lagos, esteros, tranques y pantanos.""","""Tiene un largo de 50 cm aproximadamente, su plumaje es totalmente blanco, de cuello largo, piernas largas  y negras por delante y amarillas por detrás al igual que sus patas. Pico negro con base amarilla anaranjada. Ojos amarillos. Plumas largas en su cabeza, dorso y pecho, se hacen visibles en la época de reproducción.""","[{""M"":{""creatorName"":{""S"":""Eduardo Muñoz""},""creatorGUrl"":{""S"":""https://www.instagram.com/eduardomunoz.fotografia/?hl=es-la""},""creatorHashTag"":{""S"":""@eduardomunoz.fotografia""},""creatorRol"":{""S"":""Fotógrafo de Naturaleza""},""key"":{""S"":""9eac7fdc-1a89-4d71-a9f0-dd8ac7fbbbc0/1d620c28-043c-4304-b0f1-78ad5e8f61c5/1861ad85-2578-4ed3-8d10-62f791e4643b.webp""}}},{""M"":{""creatorName"":{""S"":""Eduardo Muñoz""},""creatorGUrl"":{""S"":""https://www.instagram.com/eduardomunoz.fotografia/?hl=es-la""},""creatorHashTag"":{""S"":""@eduardomunoz.fotografia""},""creatorRol"":{""S"":""Fotógrafo de Naturaleza""},""key"":{""S"":""9eac7fdc-1a89-4d71-a9f0-dd8ac7fbbbc0/1d620c28-043c-4304-b0f1-78ad5e8f61c5/b0d3509f-1f63-4c3d-9af2-2c28f9459a5c.webp""}}},{""M"":{""creatorName"":{""S"":""Ariel Herrera""},""creatorGUrl"":{""S"":""https://www.instagram.com/wildphoto_chile/?hl=es-la""},""creatorHashTag"":{""S"":""@wildphoto_chile""},""creatorRol"":{""S"":""Fotógrafo de Naturaleza""},""key"":{""S"":""9eac7fdc-1a89-4d71-a9f0-dd8ac7fbbbc0/1d620c28-043c-4304-b0f1-78ad5e8f61c5/862acafd-1400-48f8-957e-04a4017b350a.webp""}}},{""M"":{""creatorName"":{""S"":""Ariel Herrera""},""creatorGUrl"":{""S"":""https://www.instagram.com/wildphoto_chile/?hl=es-la""},""creatorHashTag"":{""S"":""@wildphoto_chile""},""creatorRol"":{""S"":""Fotógrafo de Naturaleza""},""key"":{""S"":""9eac7fdc-1a89-4d71-a9f0-dd8ac7fbbbc0/1d620c28-043c-4304-b0f1-78ad5e8f61c5/b62cead0-40a8-47cb-96db-ce6e2863bc7c.webp""}}}]","Garza Chica","Trüla","""Se reproducen en primavera e inicios del verano, a fines de noviembre y diciembre. Nidifica en riscos, totorales y árboles. Anida de 3 a 5 huevos. No es una ave solitaria, es común avistar en pareja o bandadas bastante numerosas.""","Pelecaniformes","Egretta Thula","2023-01-23T05:18:11.976Z"
"3cbf188a-915f-49fc-8bcc-6b7c8632478b","EducationSpecieModel","1673630719205","3","Nativa","9eac7fdc-1a89-4d71-a9f0-dd8ac7fbbbc0","Ave","Preocupación Menor","2023-01-12T02:37:13.852Z","""Consume frutos de árbol, semillas y granos, es una especie arbórea abundante. ""","true","Columbidae","""Es posible encontrarla en la región de coquimbo hasta la región de magallanes, en coquimbo y tierra del fuego desde el nivel del mar hasta los 1500 m.s.n.m. Gusta principalmente de fragmentos de bosques y de zonas con árboles, como el área de merienda, puede ser vista sobrevolando matorrales. . Se puede apreciar descansando en grupos.""","""Tiene un largo de 35 a 37 cm aproximadamente. Su cuerpo es de color vinoso, cuenta con una franja blanca en la nuca y cola abanicada. Posee un gran tamaño y tonos que permiten diferenciarla de otras palomas y tórtolas. ""","[{""M"":{""creatorName"":{""S"":""Degú González""},""creatorGUrl"":{""S"":""https://www.instagram.com/wildtrip_chile/?hl=es-la""},""creatorHashTag"":{""S"":""WildTrip""},""creatorRol"":{""S"":""Fotógrafo con Fe ""},""key"":{""S"":""9eac7fdc-1a89-4d71-a9f0-dd8ac7fbbbc0/3cbf188a-915f-49fc-8bcc-6b7c8632478b/a4ec55be-68f9-4a78-b15e-1404bff7fe02.webp""}}}]","Torcaza","Kono-Konun-Turcasa-Cono","""Nidifica durante la época de verano entre diciembre y marzo. Busca las ramas del sotobosque o lugares de difícil acceso. Anida a un solo huevo y en raras ocasiones pone 2.\n\nDurante los años 50 su población disminuyó producto de una enfermedad llamada “Newcastle”, esta proviene de gallinas domésticas. En la actualidad su población se ha recuperado. ""","Columbiformes","Patagioenas Araucana","2023-01-13T17:25:19.160Z"
"d357264d-ff3a-4aff-9087-6b77790592a8","EducationSpecieModel","1704476943779","3","Nativo","9eac7fdc-1a89-4d71-a9f0-dd8ac7fbbbc0","Ave","""La estimación total de la población de esta especie en Argentina y Chile aún no se ha llevado a cabo, aunque se la ha catalogado como poco común, según BirdLife International en 2008. Lamentablemente, no se cuentan con datos específicos para Chile. Existe una creciente preocupación sobre la disminución de su población, atribuida en gran medida a la continua pérdida de hábitat. Los incendios recientes en la parte norte de su área de distribución han ocasionado la destrucción de extensas zonas de hábitat adecuado (del Hoyo et al. en 2002).""","2023-09-06T14:51:09.256Z",""" Su presencia se identifica a través de los golpes que realiza desde el suelo hasta aproximadamente 20 metros de altura. Se nutre principalmente de insectos xilófagos que se desarrollan en árboles vivos o en pie. La preferencia alimentaria se centra en coleópteros asociados al coigüe y la lenga, aunque en general su dieta incluye larvas de invertebrados. Además, se han registrado instancias en las que se alimenta de murciélagos, lagartijas, huevos y polluelos. Cuando localiza una larva en el interior del tronco, realiza golpes contundentes hasta hallar la galería, por donde introduce su lengua, que es más de cuatro veces más larga que su pico (Altamirano et al. 2012). Su alimentación abarca gusanos, larvas y otros insectos (Goodall et al. en 1946).""","true","Picidae","""Para su nidificación, busca bosques antiguos con árboles adultos y robustos, mayormente del género Nothofagus, que posibiliten la excavación de cavidades a una altura promedio de 8,8 metros desde el suelo.\n\nRequiere la presencia de bosques maduros que incluyan Araucarias y Nothofagus; para ello, depende de la presencia de árboles nativos de gran tamaño (Jaramillo 2005).\n\nEsta especie se encuentra en bosques australes (Araya & Millie 1996) y en bosques templados de Chile y Argentina (Altamirano 2012).\n\nSe establece en bosques adultos o en comunidades clímax que comprenden diversas especies como lenga (Nothofagus pumilio), coigüe (Nothofagus dombeyi), ñirre (Nothofagus antarctica), roble (Nothofagus obliqua), raulí (Nothofagus alpina), araucaria (Araucaria araucana), ciprés de cordillera (Austrocedrus chilensis) y lleuque (Prumnopytis andina). Estos bosques se localizan en la cordillera andina, abarcando áreas como el Parque Nacional Nahuelbuta y sus alrededores.\n\nFuente: https://clasificacionespecies.mma.gob.cl/wp-content/uploads/2019/12/Campephilus_magellanicus_16RCE_PAC.pdf""","""\nTamaño 36-45 cm. (Araya & Millie 1996, Jaramillo 2005). Plumaje negro brillante con matices azules y dos franjas blancas en el dorso. Macho con cabeza escarlata; hembra con toques rojos alrededor del pico (Araya & Millie 1996).\nLa hembra tiene cola proporcionalmente larga y pico negrusco y recto. Cuerpo y alas negros contrastan con la cara inferior de las alas blancas y franja blanca en la cara superior, en la base de las primarias y secundarias. Puntas blancas visibles en terciarias y secundarias internas durante el posado, formando listas blancas en las partes superiores.\nMacho con cabeza roja y cresta corta y puntiaguda; hembra con cara roja y cabeza negra, con crestas largas y rizadas que pueden curvarse en diferentes direcciones (Jaramillo 2005).\nMacho adulto con plumaje negro, cabeza y cresta, barba y garganta de rojo escarlata. Hembra similar al macho, pero cabeza y cresta de un negro azulado, solo plumas de la nariz, bordes de la frente, barba y mitad de la mejilla rojas oscuro. Iris amarillo, patas y pico negros.\n\nEl pico presenta una forma cónica y robusta, finalizando en una estructura similar a un cincel, que es más extensa que la cabeza. Está especializado para perforar la madera. Las patas son de longitud corta y poseen dos dedos apuntando hacia adelante y dos hacia atrás, característica propia de las aves trepadoras, según lo indicado por Sánchez (2007).\n\nFuente: https://clasificacionespecies.mma.gob.cl/wp-content/uploads/2019/12/Campephilus_magellanicus_16RCE_PAC.pdf""","[{""M"":{""creatorName"":{""S"":""Ariel Herrera""},""creatorGUrl"":{""S"":""https://www.instagram.com/wildphoto_chile/""},""creatorHashTag"":{""NULL"":true},""creatorRol"":{""S"":""Ingeniero de Conservación en Recursos Naturales""},""key"":{""S"":""9eac7fdc-1a89-4d71-a9f0-dd8ac7fbbbc0/d357264d-ff3a-4aff-9087-6b77790592a8/c91e9efb-8b84-4929-b5e0-3dec6d5c5055.webp""}}},{""M"":{""creatorName"":{""S"":""Ariel Herrera""},""creatorGUrl"":{""S"":""https://www.instagram.com/wildphoto_chile/""},""creatorHashTag"":{""NULL"":true},""creatorRol"":{""S"":""Ingeniero de Conservación en Recursos Naturales""},""key"":{""S"":""9eac7fdc-1a89-4d71-a9f0-dd8ac7fbbbc0/d357264d-ff3a-4aff-9087-6b77790592a8/f283a1f2-2b4e-4a31-b2fc-e0f5ccc9fe2a.webp""}}}]","Carpintero Negro","","""De octubre a noviembre, se registra un periodo de incubación que oscila entre 18 y 21 días. Normalmente, la cantidad de huevos colocados es de 1 a 2, y las crías permanecen en el nido durante un lapso de 41 a 48 días antes de emprender el vuelo (Altamirano et al. en 2012).\nAmbos géneros participan en la incubación: el macho asume el rol nocturno, mientras que la hembra lo hace durante el día. El periodo de incubación se extiende de 13 a 14 días, con la puesta de huevos que ocurre entre octubre y diciembre. Cada hembra puede poner hasta cuatro huevos, de tono blanco y brilloso, sin manchas, caracterizados por una cáscara delgada y frágil, midiendo aproximadamente 36,9 mm de largo por 25,2 mm de ancho. Los pichones permanecen en el nido durante un mes antes de abandonarlo, y su esperanza de vida oscila entre nueve y 12 años (Sánchez en 2007).\n""","Piciformes","Campephilus magellanicus","2024-01-05T17:49:03.758Z"
"6af55283-388c-42ce-ae9a-c06d237f7584","EducationSpecieModel","1677512743625","2","Endémica","b057e3a4-e955-4fc1-848e-1d492f8faef0","Insecto","Sin investigaciones al respecto","2023-02-27T15:38:19.915Z","""Polen de Flores Nativas y exóticas. ""","true","Pieridae","""Desde región de Tarapacá hasta la de Los Ríos, aunque existen dos subespecies que se han adaptados bien a las condiciones australes y habitan Tierra del Fuego ye Isla Navarino. Siempre en cercanías de bosque nativo.""","""Alas y cuerpo blanco con tonos grises y amarillentos. El lado superior de las alas con figuras en forma de flecha, con bordes de líneas oscuras desteñidas en machos. EL envés color amarillento con las figuras casi imperceptibles. ""","[{""M"":{""creatorName"":{""S"":""Manubadisi""},""creatorGUrl"":{""S"":""https://www.instagram.com/manubadisi/?hl=es-la""},""creatorHashTag"":{""NULL"":true},""creatorRol"":{""S"":""Fotógrafo de Naturaleza""},""key"":{""S"":""b057e3a4-e955-4fc1-848e-1d492f8faef0/6af55283-388c-42ce-ae9a-c06d237f7584/af7af42e-fe3c-4207-92bb-0225a9d2e1c9.webp""}}}]","""Mariposa blanca, mariposa lechera""","'-","La atraen las flores de las plantas exóticas Diente de León y Trébol Blanco. Larvas por lo general en plantas nativas leguminosas. ","Lepidoptera","""Mariposa blanca, mariposa lechera""","2023-02-27T15:45:43.574Z"
"18bd4298-6827-4709-bad4-c31096d5b1eb","EducationSpecieModel","1678060531954","5","""Endémica ""","8c61be2f-3d88-4be7-b3dc-b2dfdb3f3929","Anfibio","En Peligro (IUCN)","2023-01-10T07:57:11.994Z","""Es un animal carnívoro, su alimentación se basa en insectos, caracoles, arañas, gusanos y pequeños invertebrados en general. En su estrategia de caza utiliza su lengua larga y pegajosa, se “disfraza” entre las hojas del bosque.""","true","Rinodermatidae","""Vive entre las regiones del Bío-Bío y Aysén, siempre asociada al bosque valdiviano, hasta los 1800m.s.n.m. y su abundancia es proporcional a la adultez del bosque. De preferencia bosque de Nothofagus, Alerce y Luma. En Argentina se encuentra únicamente en dos parques, limítrofes con Chile y característicos por este ecosistema. ""","""La hembra (31mm) es ligeramente más grande que el macho (28mm), así también, el tamaño general de los individuos es mayor donde las estaciones del año están más marcadas. La forma genérica del cuerpo es similar a una hoja, con narinas puntiaguda, ojos sobresalientes lateralmente y desde donde inician líneas longitudinales que terminan por unirse en la región anal. Las extremidades son delgadas y presenta membrana interdigital de forma parcial sólo entre los dedos 3 y 4 de las posteriores. Su piel dorsal es lisa con escasos gránulos. La coloración es muy variable, con distintas tonalidades de verde y/o café, mientras que el vientre es oscuro con manchas blancas que se extienden hasta sus extremidades.\n""","[{""M"":{""creatorName"":{""S"":""Degú González""},""creatorGUrl"":{""S"":""https://www.instagram.com/wildtrip_chile/reels/?hl=es-la""},""creatorHashTag"":{""NULL"":true},""creatorRol"":{""S"":""Fotógrafo y Biólogo ""},""key"":{""S"":""8c61be2f-3d88-4be7-b3dc-b2dfdb3f3929/18bd4298-6827-4709-bad4-c31096d5b1eb/35910294-f425-4130-96de-df1ad7ab5787.webp""}}},{""M"":{""creatorName"":{""S"":""Manuel Badilla""},""creatorGUrl"":{""S"":""https://www.instagram.com/manubadisi/?hl=es-la""},""creatorHashTag"":{""S"":""manubadisi""},""creatorRol"":{""S"":""Fotógrafo y Biólogo ""},""key"":{""S"":""8c61be2f-3d88-4be7-b3dc-b2dfdb3f3929/18bd4298-6827-4709-bad4-c31096d5b1eb/513eeb54-a008-4b3c-980a-2028e7a3fb40.webp""}}},{""M"":{""creatorName"":{""S"":""Manuel Badilla""},""creatorGUrl"":{""S"":""https://www.instagram.com/manubadisi/?hl=es-la""},""creatorHashTag"":{""S"":""manubadisi""},""creatorRol"":{""S"":""Fotógrafo y Biólogo ""},""key"":{""S"":""8c61be2f-3d88-4be7-b3dc-b2dfdb3f3929/18bd4298-6827-4709-bad4-c31096d5b1eb/bc6f97b9-4850-4c64-b665-180b8b3a928a.webp""}}}]","Ranita de Darwin","'-","""Cabe destacar su proceso de desarrollo embrionario, el que es por completo en el saco vocal del macho. Proceso llamado Neomelia.""","Anura","Rhinoderma darwinii","2023-03-05T23:55:31.901Z"
"e19c55fc-35bb-4039-8a6f-70667470a12e","EducationSpecieModel","1673344110665","4","Nativa","b057e3a4-e955-4fc1-848e-1d492f8faef0","Insecto","En Peligro Crítico","2023-01-10T09:34:08.885Z","""Esta especie se alimentan libando la savia exudada de los árboles nativos, tales como el coigüe de magallanes,el  coigüe de Chiloé y el tineo .""","true","Lucanidae","""Bosques de Araucaria, Nothofagus, Alerces, Tepú y Tepas de América del Sur. En Chile desde la región del Bío-Bío hasta la de Aysén. En Argentina Neuquén, Chubut y Río Negro.""","""Cuerpo café oscuro con tonos tornasol, metálicos, verdes y rojizos. Cabeza pequeña. Elitros (alas falsas) brillantes y espinosos en su base. Dimorfismo sexual muy marcado, macho de hasta 84mm, con mandíbulas dentadas en una línea longitudinal interna a la estructura y, además un gran diente en forma de asta hacia adelante. Las antenas tienen segmentos laminares y un muñón de pelos en la punta; la hembra no supera los 42mm, sus mandíbulas son reducidas y antenas sin pelos.""","[{""M"":{""creatorName"":{""S"":""Manuel Badilla""},""creatorGUrl"":{""S"":""https://www.instagram.com/manubadisi/?hl=es-la""},""creatorHashTag"":{""S"":""manubadisi""},""creatorRol"":{""S"":""Fotógrafo y Biólogo  ""},""key"":{""S"":""b057e3a4-e955-4fc1-848e-1d492f8faef0/e19c55fc-35bb-4039-8a6f-70667470a12e/19edfb61-6451-48a0-9e43-415071fb6726.webp""}}},{""M"":{""creatorName"":{""S"":""Manuel Badilla""},""creatorGUrl"":{""S"":""https://www.instagram.com/manubadisi/?hl=es-la""},""creatorHashTag"":{""S"":""manubadisi""},""creatorRol"":{""S"":""Fotógrafo y Biólogo  ""},""key"":{""S"":""b057e3a4-e955-4fc1-848e-1d492f8faef0/e19c55fc-35bb-4039-8a6f-70667470a12e/62a9c4cc-0ec7-4364-9289-9ae11e131c93.webp""}}}]","Ciervo volante o cantabria","'-","""El macho desarrolla las mandíbulas más grandes de los insectos en relación a su cuerpo.Los huevos son depositados entre la hojarasca del suelo. Las larvas de esta especie son radícolas polífagas, esto quiere decir que habitan en el suelo, alimentándose de diferentes raíces de gramíneas (pastos) y leguminosas. ""","Coleoptera","Chiasognathus grantii","2023-01-10T09:48:30.610Z"
"d5951b37-f048-4c07-ad3f-9dd6e3cfba74","EducationSpecieModel","1673337248590","3","Nativa","9eac7fdc-1a89-4d71-a9f0-dd8ac7fbbbc0","AVE","Preocupación Menor (UICN) y Casi Amenazada (Legislación nacional)","2023-01-10T07:38:12.797Z","""Se alimenta de gusanos, larvas, insectos, crustáceos, anfibios, semillas, pequeños peces y moluscos de agua.""","true","Threskiornithidae","""Se encuentra en dos rangos geográficos bien definidos, uno en el Sur de Estados Unidos y Norte de Centroamérica; y otro desde el Sur de Brasil y Bolivia, centro norte de Argentina y una población más pequeña en Chile, desde la región de Antofagasta a la de Los Lagos. De preferencia por zonas inundables, humedales, marismas, etc. Aunque hay registros en terrenos agrícolas arados.""","""Ave zancuda de hasta 56cm de alto, de cuello largo con plumaje castaño que continúa a pecho y abdomen. Pico largo, color hueso y curvado hacia abajo. Cabeza pequeña, con plumaje verde metálico tornasol al igual que alas y dorso. Ojos rojos.""","[{""M"":{""creatorName"":{""S"":""Pato Parada""},""creatorGUrl"":{""S"":""https://www.instagram.com/pato.aveschile/?hl=es-la""},""creatorHashTag"":{""S"":""Pato.Avesdechile""},""creatorRol"":{""S"":""Fotógrafo de Aves""},""key"":{""S"":""9eac7fdc-1a89-4d71-a9f0-dd8ac7fbbbc0/d5951b37-f048-4c07-ad3f-9dd6e3cfba74/3865dedf-0acf-4ed7-9910-ab7b82e38a44.webp""}}}]","Cuervo del Pantano","'-","'-","Pelecaniformes","Plegadis chihi","2023-01-10T07:54:08.569Z"
"21b61466-3941-4042-a0b2-53b2ccb9f71b","EducationSpecieModel","1673639343292","4","Nativa","9eac7fdc-1a89-4d71-a9f0-dd8ac7fbbbc0","Ave","Preocupación Menor","2023-01-12T05:29:35.459Z","""Moluscos, crustáceos, peces gracias a su habilidad buceadora. ""","true","Anatidae","""Su presencia está desde la Región de los Ríos hasta Magallanes. Gusta de costas marinas, islotes y canales de la zona sur, pudiendo ser encontrado mar adentro.""","""Tiene un largo de 78 a 83 cm aproximadamente. Es el pato chileno más grande y pesado, sus pequeñas alas le impiden volar.  Presenta un marcado dimorfismo sexual, por su parte la hembra tiene la cabeza oscura, cuerpo gris a gris pardo. Su plumaje cuenta con manchas claras pequeñas. El macho cuenta con cabeza y cuello grises. Desde los ojos tiene una línea blanca curvada. Manto, lomo, flancos y pecho de color gris con manchas gris claro o blancas. abdomen blanco. Su pico es amarillo anaranjado con la punta negra. Cuenta con patas amarillas anaranjadas con planta gris oscuro.""","[{""M"":{""creatorName"":{""S"":""Angel González""},""creatorGUrl"":{""S"":""https://www.instagram.com/wildtrip_chile/?hl=es-la""},""creatorHashTag"":{""S"":""Degú_González""},""creatorRol"":{""S"":""Fotógrafo de Naturaleza""},""key"":{""S"":""9eac7fdc-1a89-4d71-a9f0-dd8ac7fbbbc0/21b61466-3941-4042-a0b2-53b2ccb9f71b/93b4c02d-7fe3-41ad-a296-e3c1e83c7c5d.webp""}}}]","Quetru no Volador","""Këfëu ""","""Su nidificación comienza en primavera, entre los meses de septiembre y octubre en bahías abrigadas o canales. Su nido se puede encontrar en la línea de pleamar (punto más alto de la marea), escondido entre la vegetación, este se encuentra forrado por plumón , hierba o palitos. Puede poner de 4 a 8 huevos.""","Anseriformes","Tachyeres Pteneres","2023-01-13T19:49:03.253Z"
"0436ddae-6326-4a35-810e-86a50e6102e0","EducationSpecieModel","1674619091674","3","""Nativa de América ""","9eac7fdc-1a89-4d71-a9f0-dd8ac7fbbbc0","Ave","""Preocupación Menor (UICN) ""","2023-01-23T20:12:58.630Z","Principalmente a base de semillas.","true","Columbidae","""Desde la Región de Arica hasta tierra del fuego, entre los 0 y 2.500 m.s.n.m. Es común verla en zonas urbanas, como parques, jardines, bordes de bosques, zonas agrícolas y matorrales.""","""Mide entre 23 a 28 cm aproximadamente. Presentan dimorfismo sexual por color y tamaño. Las hembras son de color oscuro, no tienen tonalidades diferentes a su plumaje normal. Pico negro y patas rosadas. Los machos presentan coloración celeste en la parte superior de la cabeza y ligera coloración rosada o dorada en el pecho.""","[{""M"":{""creatorName"":{""S"":""Carlos Espinoza Tapia""},""creatorGUrl"":{""S"":""https://www.instagram.com/_manual_focus_/?hl=es-la""},""creatorHashTag"":{""S"":""@manual_focus""},""creatorRol"":{""S"":""Fotografo de Naturaleza""},""key"":{""S"":""9eac7fdc-1a89-4d71-a9f0-dd8ac7fbbbc0/0436ddae-6326-4a35-810e-86a50e6102e0/269d4975-3822-49d5-9abb-fc55e54da9df.webp""}}}]","""Tórtola ""","Maykoño","""Nidifica en grupos entre octubre y febrero, construyendo sus nidos entre ramas de baja altura, donde la hembra pone sólo 2 huevos realizando generalmente más de una nidada por temporada. Los huevos son blancos, de 29 a 22 mm y eclosionan en 12 a 14 días.""","Columbiformes","Zenaida auriculata","2023-01-25T03:58:11.620Z"
"7ca76c8e-e980-4e97-b372-a70f0544ec49","EducationSpecieModel","1677443090096","2","""Endémica ""","8c61be2f-3d88-4be7-b3dc-b2dfdb3f3929","Anfibio","Preocupación menor (IUCN)","2023-02-26T20:21:56.416Z","'-","true","Ceratophryidae","""Desde el río Toltén hasta la región de Aysén, incluida zona insular. Típica del bosque valdiviano. Siempre en zonas arbóreas con abundante humedad, incluso inundaciones periódicas.""","""Rana de tamaño mediano (40mm). La coloración es variable y va desde una base gris hasta una amarillenta, siempre con manchas dorsales oscuras que se repiten en cabeza y costados. Las extremidades tienen las mismas manchas, pero en forma de brazalete. Cuerpo esbelto y extremidades delgadas con dedos sin membrana interdigital y puntas espatuladas. Hocico corto, redondeado y truncado, más pequeño que los ojos, los que sobresalen de la cabeza, reticulaciones doradas y pupilas horizontales. Piel dorsal lisa y ventral con pequeñas granulaciones que se notan más en la parte interior de los muslos. ""","[{""M"":{""creatorName"":{""S"":""Manubadisi""},""creatorGUrl"":{""S"":""https://www.instagram.com/manubadisi/?hl=es-la""},""creatorHashTag"":{""NULL"":true},""creatorRol"":{""S"":""Fotógrafo y Biólogo ""},""key"":{""S"":""8c61be2f-3d88-4be7-b3dc-b2dfdb3f3929/7ca76c8e-e980-4e97-b372-a70f0544ec49/ceb8a441-389b-49ac-8e9c-eae093f2df7c.webp""}}}]","Ranita Jaspeada","'-","""Habita también oquedades de árboles grandes o caídos, desde donde amplifica su canto.""","Anura","Batrachyla antartandica","2023-02-26T20:24:50.047Z"
"433ff588-7bd6-4e2d-ac01-1fb55594068d","EducationSpecieModel","1677474662305","2","Endémica","22ce7a7f-eb4b-46ba-87df-c8e554f56924","Arácnido","""No tiene. Se encuentra en lista de prohibición de caza y captura en Ley de Caza N°19.473 (2015) ""","2023-02-27T05:04:44.290Z","""Artrópodos, ""","true","Theraphosidae","P. vulpinus desde región del Bío-Bío a la de Los Ríos. Siempre asociada a bosque nativo de Nothofagus y Alerces. G. rosea y G. porteri desde la región de O´Higgins hasta la del Bío-Bío.","""En Chile existen identificadas 17 especies diferentes en 6 géneros, con tamaños que van desde los 5 a los 17cm. Además, existen otras 50 variedades en estudio para identificación. Todas con características comunes como pilosidad larga y gruesa en todo el cuerpo y patas. Quelíceros prominentes. Cefalotórax robusto, plano. Las coloraciones son variables.""","[{""M"":{""creatorName"":{""S"":""Manubadisi""},""creatorGUrl"":{""S"":""https://www.instagram.com/manubadisi/?hl=es-la""},""creatorHashTag"":{""NULL"":true},""creatorRol"":{""S"":""Fotógrafo y Biólogo ""},""key"":{""S"":""22ce7a7f-eb4b-46ba-87df-c8e554f56924/433ff588-7bd6-4e2d-ac01-1fb55594068d/1bce5c22-04bf-4afa-8867-614e8a8b74d7.webp""}}},{""M"":{""creatorName"":{""S"":""Manubadisi""},""creatorGUrl"":{""S"":""https://www.instagram.com/manubadisi/?hl=es-la""},""creatorHashTag"":{""NULL"":true},""creatorRol"":{""S"":""Fotógrafo y Biólogo ""},""key"":{""S"":""22ce7a7f-eb4b-46ba-87df-c8e554f56924/433ff588-7bd6-4e2d-ac01-1fb55594068d/6a8d40da-db02-4c62-94c9-0ac301b7b080.webp""}}}]","""Araña pollito, Tarántula zorro austral, Tarántula chilena""","'-","""La más comúnmente conocida es Grammostala porteri, que por su docilidad es vendida ilegalmente en distintos países como mascota, bajo el nombre de G. rosea. Pese a que todas en Chile son conocidas comúnmente como arañas pollito, es preocupante la falta de información, sobre todo por la agresividad de algunas, como P. vulpinus, y el posible efecto que pueda tener el veneno de su mordida en humanos.""","Araneae","Phrixotrichus vulpinus","2023-02-27T05:11:02.262Z"
"72bbc40c-5910-45fe-bd80-1d41a556fe70","EducationSpecieModel","1676132128948","3","Liolaemidae","4f287a2b-61ae-4153-b4e2-7f7ccdb77b89","Reptil","Preocupación Menor (IUCN)","2023-01-28T06:19:19.451Z","""Omnívora ""","true","Liolaemidae","En Chile únicamente en cordillera de los Andes de la región del Bio-Bio. Mientras que en Argentina existe una población marginal en la cordillera de Neuquén.","""Lagarto de gran tamaño (85mm), robusto, con extremidades fuertes. Coloración café olivácea y/o azulada. La cola supera 1 vez y media su cuerpo, completando 200mm de largo. Cabeza triangular, más angosta que el cuello, el que presenta un pliegue bien desarrollado. ""","[{""M"":{""creatorName"":{""S"":""Matías Bryan""},""creatorGUrl"":{""S"":""https://www.instagram.com/mb_wildlifer/""},""creatorHashTag"":{""S"":""@mb_wildlifer""},""creatorRol"":{""S"":""Fotógrafo de Naturaleza""},""key"":{""S"":""4f287a2b-61ae-4153-b4e2-7f7ccdb77b89/72bbc40c-5910-45fe-bd80-1d41a556fe70/ce30c552-5a06-4035-8107-875108fc0453.webp""}}},{""M"":{""creatorName"":{""S"":""Matías Bryan""},""creatorGUrl"":{""S"":""https://www.instagram.com/mb_wildlifer/""},""creatorHashTag"":{""S"":""@mb_wildlifer""},""creatorRol"":{""S"":""Fotógrafo de Naturaleza""},""key"":{""S"":""4f287a2b-61ae-4153-b4e2-7f7ccdb77b89/72bbc40c-5910-45fe-bd80-1d41a556fe70/e4353acc-a507-4df0-8e3e-19a02e2da3c1.webp""}}}]","Lagarto de chillán","'-","Llama la atención su vientre de color celeste.","Aquamata","Liolaemus chillanensis","2023-02-11T16:15:28.897Z"
"0177663d-6e1c-44bf-a30c-b9e6f4f4c740","EducationSpecieModel","1673638384360","3","Nativa","9eac7fdc-1a89-4d71-a9f0-dd8ac7fbbbc0","Ave","Preocupación Menor","2023-01-13T12:15:16.942Z","""Esta especie captura insectos en pleno vuelo. ""","true","Hirundinidae","""En Chile es posible observar desde la Región de Atacama hasta Magallanes. Algunas poblaciones australes migran durante el invierno llegando a Argentina, Bolivia, Paraguay y Brasil. Habita lugares como bordes de bosques, humedales, riachuelos y lagunas, gusta de terrenos abiertos y zonas urbanizadas. Es común verla en campo o ciudad, se siente muy a gusto en zonas pobladas.  ""","""Ave de tamaño pequeño, su largo es de 13 a 14 cm. Partes superiores de su cabeza, dorso y lomo de color negro con brillos metálicos azulinos o verdosos. Su garganta, cuello, pecho, abdomen y rabadilla son de color blanco. Pico y patas de color negro al igual que sus alas y cola. Es de cuerpo esbelto y alas largas.""","[{""M"":{""creatorName"":{""S"":""Ariel""},""creatorGUrl"":{""S"":""https://www.instagram.com/wildphoto_chile/?hl=es-la""},""creatorHashTag"":{""S"":""wildphoto_chile""},""creatorRol"":{""S"":""Fotógrafos de Naturaleza""},""key"":{""S"":""9eac7fdc-1a89-4d71-a9f0-dd8ac7fbbbc0/0177663d-6e1c-44bf-a30c-b9e6f4f4c740/f0180899-dc24-4113-af76-6b2d9c2a315d.webp""}}},{""M"":{""creatorName"":{""S"":""Chile Birds""},""creatorGUrl"":{""S"":""https://www.instagram.com/chilebirds/?hl=es-la""},""creatorHashTag"":{""S"":""chilebirds""},""creatorRol"":{""S"":""Fotógrafos de Naturaleza""},""key"":{""S"":""9eac7fdc-1a89-4d71-a9f0-dd8ac7fbbbc0/0177663d-6e1c-44bf-a30c-b9e6f4f4c740/6f759ee0-e1bd-41a5-afb4-469a85686aa2.webp""}}},{""M"":{""creatorName"":{""S"":""Angel González ""},""creatorGUrl"":{""S"":""https://www.instagram.com/wildtrip_chile/?hl=es-la""},""creatorHashTag"":{""S"":""Degú_Goonzález ""},""creatorRol"":{""S"":""Fotógrafo de Naturaleza""},""key"":{""S"":""9eac7fdc-1a89-4d71-a9f0-dd8ac7fbbbc0/0177663d-6e1c-44bf-a30c-b9e6f4f4c740/804bc734-2a75-4d5b-8ba8-3af630a8d19d.webp""}}},{""M"":{""creatorName"":{""S"":""Angel González ""},""creatorGUrl"":{""S"":""https://www.instagram.com/wildtrip_chile/?hl=es-la""},""creatorHashTag"":{""S"":""Degú_Goonzález ""},""creatorRol"":{""S"":""Fotógrafo de Naturaleza""},""key"":{""S"":""9eac7fdc-1a89-4d71-a9f0-dd8ac7fbbbc0/0177663d-6e1c-44bf-a30c-b9e6f4f4c740/c6815c5a-c78f-4fed-a171-fa1fa84be5b1.webp""}}}]","Golondrina Chilena","Pilmaykeñ","""Como gusta de las zonas pobladas puede anidar en aleros, techumbres de casas o agujeros de muros. Llega a tener 2 posturas al año, septiembre y diciembre, registrándose una tercera en el mes de febrero. Pone de 3 a 5 huevos de color blanco.""","Passeriformes","Tachycineta Leucopyga","2023-01-13T19:33:04.339Z"
"40a60b5b-fb65-4ace-afa8-e10ba1b18563","EducationSpecieModel","1676244947569","7","Nativa","4f287a2b-61ae-4153-b4e2-7f7ccdb77b89","Reptil","Casi amenazado (IUCN)","2023-02-12T11:40:42.104Z","""Se alimenta principalmente de anfibios y algunos pocos roedores, por lo que es una especie control y benéfica en el equilibro del sistema natural. Es venenosa, aunque no mortal para el humano.  ""","true","Colubridae","""En Chile se encuentra desde la región de Antofagasta hasta la de Los Lagos, pero vive también en Perú, Bolivia y Argentina. Siempre en ambientes fríos, húmedos, cerca de cuerpos de agua, entre matorrales.""","""Cuerpo mediano (70cm de largo), cola corta en comparación a otras especies. De color café grisáceo y vientre amarillento. Cabeza más pequeña, amarilla, 2 manchas negras delante del ojo y 1 debajo. ""","[{""M"":{""creatorName"":{""S"":""Sofia Blanco""},""creatorGUrl"":{""S"":""https://www.instagram.com/jsofiablancob/?hl=es-la""},""creatorHashTag"":{""NULL"":true},""creatorRol"":{""S"":""Fotógrafa de Naturaleza  ""},""key"":{""S"":""4f287a2b-61ae-4153-b4e2-7f7ccdb77b89/40a60b5b-fb65-4ace-afa8-e10ba1b18563/82adf169-d3c4-4966-995b-6d75ee92d571.webp""}}},{""M"":{""creatorName"":{""S"":""mb_wildlifer""},""creatorGUrl"":{""S"":""https://www.instagram.com/mb_wildlifer/?hl=es-la""},""creatorHashTag"":{""NULL"":true},""creatorRol"":{""S"":""Fotógrafo de Naturaleza  ""},""key"":{""S"":""4f287a2b-61ae-4153-b4e2-7f7ccdb77b89/40a60b5b-fb65-4ace-afa8-e10ba1b18563/d505475c-3985-4fbd-93cf-241998cc62cc.webp""}}}]","Culebra de cola corta","'-","Su población suele ser mermada producto del ataque del hombre y de los animales domésticos.","Squamata","Tachymenis chilensis","2023-02-12T23:35:47.517Z"
"c53c1d78-d70a-43f0-a633-915951e70397","EducationSpecieModel","1673844989644","3","Nativa","3a59b077-fccb-47c8-b2a0-8ec15d21594e","""Mamífero ""","Preocupación Menor (UICN y Ley Bases Generales de Medio Ambiente). En Peligro de extinción (Ley de Caza).","2023-01-10T10:27:05.242Z","""Su alimentación es herbívora, principalmente hierbas y arbustos duros, ricos en celulosa.""","true","Chinchilidae","""Se encuentra en zonas montañosas y de escasa vegetación en Ecuador, Perú, Bolivia, Argentina y en Chile hasta la Región de Los Lagos, aunque no hay registros oficiales al sur de la Región Metropolitana realizados posteriores a 1981.""","""Su morfología es muy similar a los conejos, con tamaño entre 60-80 cm. El pelaje en general es suave, fino y gris, variando desde gris a amarillento y tintes negros según edad, temporada y ubicación geográfica. En el dorso tiene pelos largos, así como también su extensa cola donde presenta pelos gruesos, largos y negros. De piernas bien desarrolladas mientras que los miembros anteriores son reducidos. Orejas largas y amplias en apertura.\n""","[{""M"":{""creatorName"":{""S"":""Roberto Donaire Marambio""},""creatorGUrl"":{""S"":""https://www.instagram.com/tito__donaire/?hl=es-la""},""creatorHashTag"":{""S"":""Tito Donaire""},""creatorRol"":{""S"":""Fotógrafo ""},""key"":{""S"":""3a59b077-fccb-47c8-b2a0-8ec15d21594e/c53c1d78-d70a-43f0-a633-915951e70397/71c53cbe-0634-466f-ab04-901206ba8009.webp""}}},{""M"":{""creatorName"":{""S"":""Nicolás Villaseca""},""creatorGUrl"":{""S"":""https://www.instagram.com/niboldus/?hl=es-la""},""creatorHashTag"":{""S"":""niboldus""},""creatorRol"":{""S"":""Fotógrafo y creador de contenido""},""key"":{""S"":""3a59b077-fccb-47c8-b2a0-8ec15d21594e/c53c1d78-d70a-43f0-a633-915951e70397/a9ea3db0-d4f7-40ae-be09-5a486d607397.webp""}}}]","Vizcacha","'-","""Animal social posible de encontrar hasta en cientos, principalmente en amanecer o atardecer. Fuente peletera y de carne en pueblos originarios.\n""","Rodentia","Lagidium viscacia","2023-01-16T04:56:29.595Z"
"54e4a5b9-d48c-4093-9987-6fc0778b3a43","EducationSpecieModel","1677441291385","9","Nativa","8c61be2f-3d88-4be7-b3dc-b2dfdb3f3929","Anfibio","Preocupación Menor (IUCN)","2023-02-25T04:47:52.100Z","""Se alimenta principalmente de Artrópodos ""","true","Ceratophryidae","""Propia de los bosques de Nothofagus en Chile y Argentina hasta los 1000m.s.n.m. En Chile desde Aconcagua hasta región de Aysén, incluido Chiloé. De preferencia entre vegetación herbácea, cerca de fuentes de agua o sectores húmedos con buena iluminación. ""","""Esta especie obtiene su nombre común por la franja marrón a negra en forma de antifaz, que nace en las narinas, pasa sobre los ojos y termina en los tímpanos. Alcanza los 42mm de largo. Cuerpo esbelto, patas largas y delgadas, dedos delanteros más cortos que los traseros y todos con membrana interdigital casi inexistente. Siempre presenta coloraciones café y beige en la zona dorsal, mientras que en vientre es crema.  ""","[{""M"":{""creatorName"":{""S"":""Eduardo Muñoz""},""creatorGUrl"":{""S"":""https://www.instagram.com/eduardomunoz.fotografia/?hl=es-la""},""creatorHashTag"":{""NULL"":true},""creatorRol"":{""S"":""Fotógrafo de Naturaleza""},""key"":{""S"":""8c61be2f-3d88-4be7-b3dc-b2dfdb3f3929/54e4a5b9-d48c-4093-9987-6fc0778b3a43/fc2f2b5e-6733-4960-8ef4-d5949ddc3381.webp""}}},{""M"":{""creatorName"":{""S"":""mb_wildlifer""},""creatorGUrl"":{""S"":""https://www.instagram.com/mb_wildlifer/?hl=es-la""},""creatorHashTag"":{""NULL"":true},""creatorRol"":{""S"":""Fotógrafo de Naturaleza""},""key"":{""S"":""8c61be2f-3d88-4be7-b3dc-b2dfdb3f3929/54e4a5b9-d48c-4093-9987-6fc0778b3a43/45391538-4176-4f43-bd23-525c9b4567ea.webp""}}},{""M"":{""creatorName"":{""S"":""mb_wildlifer""},""creatorGUrl"":{""S"":""https://www.instagram.com/mb_wildlifer/?hl=es-la""},""creatorHashTag"":{""NULL"":true},""creatorRol"":{""S"":""Fotógrafo de Naturaleza""},""key"":{""S"":""8c61be2f-3d88-4be7-b3dc-b2dfdb3f3929/54e4a5b9-d48c-4093-9987-6fc0778b3a43/94562136-50c2-40e6-b4e4-b554a29f6198.webp""}}},{""M"":{""creatorName"":{""S"":""mb_wildlifer""},""creatorGUrl"":{""S"":""https://www.instagram.com/mb_wildlifer/?hl=es-la""},""creatorHashTag"":{""NULL"":true},""creatorRol"":{""S"":""Fotógrafo de Naturaleza""},""key"":{""S"":""8c61be2f-3d88-4be7-b3dc-b2dfdb3f3929/54e4a5b9-d48c-4093-9987-6fc0778b3a43/f8547bb3-bb31-47b7-bff2-781f8188a48c.webp""}}}]","Ranita de antifaz","'-","""La generalidad es piel lisa, pero individuos en Chiloé presentan pequeñas rugosidades.  ""","Anura","""Batrachyla taeniata ""","2023-02-26T19:54:51.334Z"
"98282709-36e5-4928-88e3-9f53f422b660","EducationSpecieModel","1673630983319","5","Nativa","9eac7fdc-1a89-4d71-a9f0-dd8ac7fbbbc0","AVE","Preocupación Menor","2023-01-12T00:19:22.903Z","Se basa principalmente en invertebrados.","true","Thraupidae","""Es residente de Chile, desde Golfo de Penas a Tierra del Fuego.  Habita algunas zonas de Argentina. Vive en las orillas de ríos, esteros y lagunas.\n""","""Mide entre 15 a 16 cm. Tienen un marcado dimorfismo sexual. La hembra tiene su cabeza más clara con pequeñas rayas negras. El macho tiene la cabeza, cuello y parte superior del pecho gris azulado su capuchon sobre el cuerpo es amarillo, su abdomen inferior y subcaudales son blancos. Ambos tienen la cola con tonos negruzcos y grisáceos.""","[{""M"":{""creatorName"":{""S"":""Raúl Aragón""},""creatorGUrl"":{""S"":""https://www.instagram.com/photofagus.alpina/?hl=es-la""},""creatorHashTag"":{""S"":""photofagus.alpina""},""creatorRol"":{""S"":""Fotógrafo de Naturaleza""},""key"":{""S"":""9eac7fdc-1a89-4d71-a9f0-dd8ac7fbbbc0/98282709-36e5-4928-88e3-9f53f422b660/f7eccc81-111e-4c0d-8422-0c2daa34afc0.webp""}}},{""M"":{""creatorName"":{""S"":""Angel González""},""creatorGUrl"":{""S"":""https://www.instagram.com/degu_gonzalez/?hl=es-la""},""creatorHashTag"":{""S"":""Degú_González""},""creatorRol"":{""S"":""Fotógrafo de Naturaleza""},""key"":{""S"":""9eac7fdc-1a89-4d71-a9f0-dd8ac7fbbbc0/98282709-36e5-4928-88e3-9f53f422b660/792ac618-b278-4fb8-a482-a68554f1efeb.webp""}}}]","Cometocino de Gay","'-","""Su fecha de reproducción es durante Octubre y Febrero, en verano vive y nidifica en la cordillera entre los 1.500 a 3.500 m.sn.m. Sus nidos son amplios, elaborados con pastos y raíces, forrados con vegetal blando, buscan un buen escondite, pueden estar entre matorrales, arbustos o en el suelo. Los huevos son de color verde azulado palido con manchitas café purpuras. Postura de 2 a 5 huevos.""","Passeriformes","Phrygilus Gayi","2023-01-13T17:29:43.297Z"
"13dd60f3-674f-4c14-9674-2753d096e188","EducationSpecieModel","1677304619876","3","Nativa","9eac7fdc-1a89-4d71-a9f0-dd8ac7fbbbc0","Ave","Preocupación Menor (IUCN)","2023-02-25T05:48:59.943Z","""Se alimenta de anfibios, pequeños peces, insectos acuáticos y moluscos.""","true","Ardeidae","""Desde Brasil a zona centro de Argentina, mientras que en Chile se encuentra desde región de Atacama a Chiloé. Principalmente entre totorales, riberas de humedales, ríos y lagunas con abundante vegetación de orilla.""","""Garza más pequeña de Chile con 33cm. De cuello y cola cortos. Ojos, pico y patas amarillentas. Coloración general del cuerpo amarillo pajoso, mientras que en dorso y superior de alas presenta franjas negras y rayas ocráceas que se continúan desde cabeza y nuca.""","[{""M"":{""creatorName"":{""S"":""manubadisi""},""creatorGUrl"":{""S"":""https://www.instagram.com/manubadisi/?hl=es-la""},""creatorHashTag"":{""NULL"":true},""creatorRol"":{""S"":""Fotógrafo y Biólogo ""},""key"":{""S"":""9eac7fdc-1a89-4d71-a9f0-dd8ac7fbbbc0/13dd60f3-674f-4c14-9674-2753d096e188/d8234b94-6f0f-4d57-860a-71db8a3ae42d.webp""}}}]","""Huairavillo, garza amarilla""","'-","""Muy tímida, se mimetiza entre la vegetación estirando su cuerpo pareciendo un junco.""","Pelecaniformes","Ixobrychus involucris","2023-02-25T05:56:59.828Z"
"641957a6-51a5-4399-ba25-caaabcc56622","EducationSpecieModel","1674857548793","2","Nativa","b057e3a4-e955-4fc1-848e-1d492f8faef0","Insecto","""No se ha realizado una investigación al respecto ¿Quieres Ayudar? ""","2023-01-27T05:06:10.847Z","'-","true","Buprestidae","Se encuentra desde la región del Maule a la de Los Lagos.",""" De cuerpo aplanado dorsoventralmente, alargado (15mm) y tricolor en bandas longitudinales que varían tonos según locación. Cabeza pequeña, ancha, azul oscura tornasol. Élitros (alas duras) con costillas fuertes, en hileras regulares de puntos, pilosos y brillantes; de color azul tornasol, con gran mancha discal y bordes amarillos. ""","[{""M"":{""creatorName"":{""S"":""Eduardo Muñoz""},""creatorGUrl"":{""S"":""https://www.instagram.com/eduardomunoz.fotografia/?hl=es-la""},""creatorHashTag"":{""S"":""@eduardomunoz.fotografía""},""creatorRol"":{""S"":""Fotógrafo de Naturaleza""},""key"":{""S"":""b057e3a4-e955-4fc1-848e-1d492f8faef0/641957a6-51a5-4399-ba25-caaabcc56622/415f6535-b419-4531-9cd6-c8ee7297bdba.webp""}}},{""M"":{""creatorName"":{""S"":""Eduardo Muñoz""},""creatorGUrl"":{""S"":""https://www.instagram.com/eduardomunoz.fotografia/?hl=es-la""},""creatorHashTag"":{""S"":""@eduardomunoz.fotografía""},""creatorRol"":{""S"":""Fotógrafo de Naturaleza""},""key"":{""S"":""b057e3a4-e955-4fc1-848e-1d492f8faef0/641957a6-51a5-4399-ba25-caaabcc56622/43b9bc7e-89ee-4551-9da0-5c7210e2b505.webp""}}}]","Escarabajo joya","'-","""Coleóptero muy llamativo, sin embargo, existe poca investigación sobre esta especie y, la existente, aún tiene aspectos por confirmar.""","Coleoptera","Lasionota semivittata","2023-01-27T22:12:28.732Z"
"bea412b0-c0e0-4532-945f-7bdbdee75a15","EducationSpecieModel","1673675309281","3","""Mamífero ""","3a59b077-fccb-47c8-b2a0-8ec15d21594e","""Mamífero ""","Preocupación Menor","2023-01-14T05:33:26.729Z","""Es un cazador oportunista. Se alimenta principalmente de roedores, aves, conejos, reptiles, huevos de pájaros, insectos y carroña.""","true","Canidae","""Es posible encontrarlo en todo Chile, hasta el estrecho de Magallanes. Además en Tierra del Fuego donde fue introducido en los años 50. Gusta de ambientes de estepa, desérticos y matorrales abiertos. Habita sectores costeros. Prefiere quebradas y arbustos pequeños. Su preferencia en la zona sur son estepas de coirón y ñirres.""","""Tamaño corporal de 40 a 60 cm, se le suma su cola que mide de 30 a 36 cm aproximadamente. El pelaje de color más grisáceo, sus piernas tiene pelos café pálido con franjas oscuras y blanquecinas. Tiene el hocico gris oscuro y cuenta con una mandíbula negra. Se caracteriza por su cola, pues es pomposa con un pelaje café pálido y negra. Cuentan con una mancha oscura en el muslo que los diferencia de otras especies de zorros. Sus orejas son grandes y puntiagudas.  ""","[{""M"":{""creatorName"":{""S"":""Stephanie Quintana""},""creatorGUrl"":{""S"":""https://www.instagram.com/stephanie._andrea/?hl=es-la""},""creatorHashTag"":{""NULL"":true},""creatorRol"":{""S"":""Fotógrafa de Naturaleza""},""key"":{""S"":""3a59b077-fccb-47c8-b2a0-8ec15d21594e/bea412b0-c0e0-4532-945f-7bdbdee75a15/20128eb1-94c8-4018-9ea8-98e80e262186.webp""}}},{""M"":{""creatorName"":{""S"":""Ariel Herrera""},""creatorGUrl"":{""S"":""https://www.instagram.com/wildphoto_chile/?hl=es-la""},""creatorHashTag"":{""NULL"":true},""creatorRol"":{""S"":""Fotógrafo de Naturaleza""},""key"":{""S"":""3a59b077-fccb-47c8-b2a0-8ec15d21594e/bea412b0-c0e0-4532-945f-7bdbdee75a15/32bc15bb-895e-4506-8b1f-22aa59d439ad.webp""}}},{""M"":{""creatorName"":{""S"":""Ariel Herrera""},""creatorGUrl"":{""S"":""https://www.instagram.com/wildphoto_chile/?hl=es-la""},""creatorHashTag"":{""NULL"":true},""creatorRol"":{""S"":""Fotógrafo de Naturaleza""},""key"":{""S"":""3a59b077-fccb-47c8-b2a0-8ec15d21594e/bea412b0-c0e0-4532-945f-7bdbdee75a15/9e626bf3-0c45-4554-a30c-4ae42119e4d8.webp""}}},{""M"":{""creatorName"":{""S"":""Ariel Herrera""},""creatorGUrl"":{""S"":""https://www.instagram.com/wildphoto_chile/?hl=es-la""},""creatorHashTag"":{""NULL"":true},""creatorRol"":{""S"":""Fotógrafo de Naturaleza""},""key"":{""S"":""3a59b077-fccb-47c8-b2a0-8ec15d21594e/bea412b0-c0e0-4532-945f-7bdbdee75a15/d96e2434-3a0f-4b74-a195-e76ff6d87249.webp""}}},{""M"":{""creatorName"":{""S"":""Ariel Herrera""},""creatorGUrl"":{""S"":""https://www.instagram.com/wildphoto_chile/?hl=es-la""},""creatorHashTag"":{""NULL"":true},""creatorRol"":{""S"":""Fotógrafo de Naturaleza""},""key"":{""S"":""3a59b077-fccb-47c8-b2a0-8ec15d21594e/bea412b0-c0e0-4532-945f-7bdbdee75a15/e64dfd55-a8ff-4401-8dc3-159319a4d99f.webp""}}}]","Zorro Chilla","'-","""Suelen ser solitarios. En periodo reproductivo actúan en familia, este comienza a fines de invierno e inicios de primavera.  La hembra cava una madriguera para su  periodo de gestación, este es de 2 meses. El macho y la hembra forman un hogar por un año, en este periodo no se relacionan con otras chillas. Su camada es de 2 a 4 cachorros. El macho es el encargado de alimentar a su familia, mientras la hembra los cuida.""","Carnivora","Lycalopex Griseus","2023-01-14T05:48:29.227Z"
"589d2fe1-5b48-44fa-85b2-22e75edf2f92","EducationSpecieModel","1674620194731","2","Nativa","9eac7fdc-1a89-4d71-a9f0-dd8ac7fbbbc0","Ave","Preocupación Menor","2023-01-25T04:02:47.412Z","""Se basa en invertebrados. ""","true","Furnariidae","""Es residente de Chile, desde Golfo de Penas a Tierra del Fuego.  Habita algunas zonas de Argentina. Vive en las orillas de ríos, esteros y lagunas.""","""Mide entre 18 a 21 cm aproximadamente. Predomina un plumaje de color café grisáceo en parte importante de su cuerpo. Sobre su ojo es posible observar una ceja blanca gruesa muy característica, son dos bandas blancas en su cara. En su pecho cuenta con pequeñas líneas blanquecinas.""","[{""M"":{""creatorName"":{""S"":""Carlos Espinoza Tapia""},""creatorGUrl"":{""S"":""https://www.instagram.com/_manual_focus_/?hl=es-la""},""creatorHashTag"":{""S"":""@manual_focus""},""creatorRol"":{""S"":""Fotógrafo de Naturaleza""},""key"":{""S"":""9eac7fdc-1a89-4d71-a9f0-dd8ac7fbbbc0/589d2fe1-5b48-44fa-85b2-22e75edf2f92/d4bc65cf-02db-4305-b997-754dc8cb1ec7.webp""}}}]","Churrete","Co üñüm o Chiuchiu","""Se puede observar solitario, en parejas o pequeños grupos saltando inquietamente de piedra en piedra, moviendo su colita de arriba hacia abajo. Construyen su nido en el suelo, en lugares escondidos tras la vegetación, en barrancos o cuevas de roedores, en donde incuban entre 2 a 4 huevos blanquecinos.""","Passeriformes","Cinclodes patagonicus","2023-01-25T04:16:34.682Z"
"40237ad2-5f04-4ec5-bad8-eb7c159cfb36","EducationSpecieModel","1674447565543","2","'-","9eac7fdc-1a89-4d71-a9f0-dd8ac7fbbbc0","Ave","""Preocupación Menor (UICN) ""","2023-01-23T04:17:29.293Z","""Principalmente a base de peces, mariscos y crustáceos. Consume huevos y polluelos de su especie y otras. En lugares de asentamientos humanos se han vuelto omnívoros producto de la basura arrojada al mar. ""","true","Laridae","""Entre la región de Arica y la región de Magallanes, por lo que se puede apreciar desde Arica a Cabo de Hornos. Gusta de zonas costeras, como los bordes e interiores de ríos. ""","""Presenta un largo de 60 a 62 cm aproximadamente. El adulto tiene la cabeza, cuello, pecho, abdomen y cola blancos. Su manto y lomo negros. Las partes superiores de las alas son negro pizzarra con bordes blanquecidos. Pico amarillo con mancha roja en su mandibula inferior y sus patas son gris verdoso. \nEn su etapa de 2 a 3 años son considerados inmaduros, su plumaje se diferencia de en tres etapas. En esta su plumaje es blanco sin manchas, dorso, cobertoras y cola parduzca. Pico amarillo pálido con punta oscura y mancha roja naciente en la mandíbula. Los juveniles, tienen un plumaje blanco con manchas café, su pico es café oscuro. ""","[{""M"":{""creatorName"":{""S"":""Degú González ""},""creatorGUrl"":{""S"":""https://www.instagram.com/wildtrip_chile/?hl=es-la""},""creatorHashTag"":{""NULL"":true},""creatorRol"":{""S"":""Fotógrafo de Naturaleza""},""key"":{""S"":""9eac7fdc-1a89-4d71-a9f0-dd8ac7fbbbc0/40237ad2-5f04-4ec5-bad8-eb7c159cfb36/7894b195-f1a7-45cd-81b1-52b9a0d92c00.webp""}}},{""M"":{""creatorName"":{""S"":""Degú González ""},""creatorGUrl"":{""S"":""https://www.instagram.com/wildtrip_chile/?hl=es-la""},""creatorHashTag"":{""NULL"":true},""creatorRol"":{""S"":""Fotógrafo de Naturaleza""},""key"":{""S"":""9eac7fdc-1a89-4d71-a9f0-dd8ac7fbbbc0/40237ad2-5f04-4ec5-bad8-eb7c159cfb36/7f3a59ab-79d0-456f-9ca8-96f7e8ceb162.webp""}}},{""M"":{""creatorName"":{""S"":""Degú González ""},""creatorGUrl"":{""S"":""https://www.instagram.com/wildtrip_chile/?hl=es-la""},""creatorHashTag"":{""NULL"":true},""creatorRol"":{""S"":""Fotógrafo de Naturaleza""},""key"":{""S"":""9eac7fdc-1a89-4d71-a9f0-dd8ac7fbbbc0/40237ad2-5f04-4ec5-bad8-eb7c159cfb36/97fcd703-4704-4414-a36a-1cbc2b43c7e3.webp""}}}]","Gaviota Dominicana","Cau Cau","""Su nidificación es en diferentes sitios pero prefieren las zonas planas, lugares rocosos y acantilados costeros. Anidan de 2 a 3 huevos crema verdosos con manchas negras o café oscuras, es la gaviota más grande de Sudamérica. ""","Charadriiformes","Larus Dominicanus","2023-01-23T04:19:25.467Z"
"324daef5-65e8-4014-8bae-6d31cf66af23","EducationSpecieModel","1673341361194","2","Nativa","b057e3a4-e955-4fc1-848e-1d492f8faef0","Insecto","No tiene clasificación","2023-01-10T08:53:37.844Z","Se alimenta del polen de Flores","true","Halictidae","""En Chile desde la región de Coquimbo a la de Los Lagos, y sur de Argentina. Preferencia por suelos arcillosos, duros, planos y soleados, donde realizan sus nidos en galerías de hasta 20cm donde viven en forma solitaria.\n""","Abeja de pequeño tamaño. Característica por su color verde metálico y con escasa pilosidad en comparación con otras abejas.","[{""M"":{""creatorName"":{""S"":""Manuel Badilla""},""creatorGUrl"":{""S"":""https://www.instagram.com/manubadisi/?hl=es-la""},""creatorHashTag"":{""S"":""manubadisi""},""creatorRol"":{""S"":""Fotógrafo y Biólogo ""},""key"":{""S"":""b057e3a4-e955-4fc1-848e-1d492f8faef0/324daef5-65e8-4014-8bae-6d31cf66af23/50da4145-737f-4ed2-afcf-0e7edd7534a3.webp""}}},{""M"":{""creatorName"":{""S"":""Manuel Badilla""},""creatorGUrl"":{""S"":""https://www.instagram.com/manubadisi/?hl=es-la""},""creatorHashTag"":{""S"":""manubadisi""},""creatorRol"":{""S"":""Fotógrafo y Biólogo ""},""key"":{""S"":""b057e3a4-e955-4fc1-848e-1d492f8faef0/324daef5-65e8-4014-8bae-6d31cf66af23/ffe28f3a-0aa5-4a67-a238-5a88f06883ab.webp""}}}]","Abeja joya","'-","'-","Hymenoptera","Callistochlora chloris","2023-01-10T09:02:41.140Z"
"cb60e321-ec07-4155-8913-499b6ec69572","EducationSpecieModel","1676258387957","3","""Endémico ""","b057e3a4-e955-4fc1-848e-1d492f8faef0","Insecto","Sin investigación suficiente","2023-02-13T03:08:56.775Z","""Herbívoro, las larvas habitan en galerías hechas en árboles muertos o debilitados (Porter 1933) y se alimentan de madera en proceso de descomposición. (saproxilicas). Los adultos en cambio no se alimentan. Fuentes & Araneda (2016) señalan 28 especies de plantas hospederas, 14 especies leñosas nativas y 14 especies de árboles introducidos que son utilizados como recurso trófico y refugio por el estado de larva (clasificacionespecies.mma.gob.cl 2019 )""","true","Cerambycidae","""Desde la región de Coquimbo hasta Araucanía, desde nivel del mar hasta los 1.000 m.s.n.m. Siempre en bosque esclerófilo adulto, donde la larva se alimenta de madera en proceso de descomposición. También frecuente encontrar larvas en monocultivos forestales. ""","""Con hasta 80mm de largo es uno de los insectos de mayor tamaño en Chile. EL macho llega a los 50mm. Presentan dimorfismo sexual externo. Cuerpo café oscuro, Pronoto (primera porción del cuerpo, tras la cabeza) cubierta de pelos amarillos, largos y densos. Ojos grandes. Mandíbulas prominentes. La hembra, de tamaño considerable, es de cuerpo negro o pardo oscuro. Mandíbulas robustas. Los pelos del Pronoto son rojos.""","[{""M"":{""creatorName"":{""S"":""Niboldus""},""creatorGUrl"":{""S"":""https://www.instagram.com/niboldus/""},""creatorHashTag"":{""NULL"":true},""creatorRol"":{""S"":""Fotógrafo de Naturaleza""},""key"":{""S"":""b057e3a4-e955-4fc1-848e-1d492f8faef0/cb60e321-ec07-4155-8913-499b6ec69572/86b9e868-e9bf-487d-88a9-2cc8b3aba881.webp""}}}]","Madre de la culebra","","""La hembra es caminadora diurna, por carecer de alas. El macho volador, de preferencia nocturna o crepuscular.""","Coleoptera","Acanthinodera cumingii","2023-02-13T03:19:47.903Z"
"65f392bb-63a4-4f45-9a41-66c2c7dcf8a3","EducationSpecieModel","1674795570388","4","'-","b057e3a4-e955-4fc1-848e-1d492f8faef0","Insecto","No se ha realizado una investigación al respecto ¿Quieres Ayudar? -Muy pronto...","2023-01-27T04:49:07.752Z","'-","true","Buprestidae","Se encuentra desde la región del Maule a la de Los Lagos.","""De cuerpo aplanado dorsoventralmente, alargado (15mm) y tricolor en bandas longitudinales que varían tonos según locación. Cabeza pequeña, ancha, verde oscuro a dorada. Elitros (alas duras) pilosos y brillantes, verde oscuro azulados con gran mancha discal amarilla y bordes apicales tornados a rojos. Otros tipos de coloración se presentan también variando los tonos rojos a amarillos y verdes a negro azulado. Los de tonalidades más oscuras, presentan élitros con costillas fuertes, en hileras regulares de puntos. ""","[{""M"":{""creatorName"":{""S"":""Nicolás Villaseca""},""creatorGUrl"":{""S"":""https://www.instagram.com/niboldus/?hl=es-la""},""creatorHashTag"":{""S"":""@niboldus""},""creatorRol"":{""S"":""Fotógrafo de Naturaleza""},""key"":{""S"":""b057e3a4-e955-4fc1-848e-1d492f8faef0/65f392bb-63a4-4f45-9a41-66c2c7dcf8a3/66469a11-1d25-4850-8252-a5c8e7d8fe5d.webp""}}},{""M"":{""creatorName"":{""S"":""Nicolás Villaseca""},""creatorGUrl"":{""S"":""https://www.instagram.com/niboldus/?hl=es-la""},""creatorHashTag"":{""S"":""@niboldus""},""creatorRol"":{""S"":""Fotógrafo de Naturaleza""},""key"":{""S"":""b057e3a4-e955-4fc1-848e-1d492f8faef0/65f392bb-63a4-4f45-9a41-66c2c7dcf8a3/7d99f94a-af19-4b9e-816b-d5e3ccf7a8bd.webp""}}},{""M"":{""creatorName"":{""S"":""Nicolás Villaseca""},""creatorGUrl"":{""S"":""https://www.instagram.com/niboldus/?hl=es-la""},""creatorHashTag"":{""S"":""@niboldus""},""creatorRol"":{""S"":""Fotógrafo de Naturaleza""},""key"":{""S"":""b057e3a4-e955-4fc1-848e-1d492f8faef0/65f392bb-63a4-4f45-9a41-66c2c7dcf8a3/8f44c0b0-5efc-4496-94a9-588ee6dd5d8d.webp""}}}]","Escarabajo joya","'-","""Coleóptero muy llamativo, sin embargo, existe poca investigación a su respecto y, la existente, aún tiene aspectos por confirmar. ""","Coleoptera","Lasionota bivittata","2023-01-27T04:59:30.347Z"